geoid,NAME,state,county,tract,households_total,median_income,hh_broadband_any,hh_no_internet,pct_broadband_any,pct_no_internet,pct_households_with_computer,pct_households_with_broadband_DP
36005000100,Census Tract 1; Bronx County; New York,36,5,100,0,,0,0,,,1.9,0
36005000200,Census Tract 2; Bronx County; New York,36,5,200,1416,123729.0,1274,121,89.97175141242938,8.545197740112995,13.8,1416
36005000400,Census Tract 4; Bronx County; New York,36,5,400,2218,105924.0,2167,51,97.70063119927863,2.299368800721371,4.4,2218
36005001600,Census Tract 16; Bronx County; New York,36,5,1600,2083,52147.0,1774,260,85.16562650024004,12.481997119539127,3.5,2083
36005001901,Census Tract 19.01; Bronx County; New York,36,5,1901,1149,58083.0,1043,40,90.77458659704091,3.4812880765883376,17.7,1149
36005001902,Census Tract 19.02; Bronx County; New York,36,5,1902,624,48953.0,583,41,93.42948717948718,6.570512820512821,1.9,624
36005001903,Census Tract 19.03; Bronx County; New York,36,5,1903,0,,0,0,,,-666666666.0,0
36005001904,Census Tract 19.04; Bronx County; New York,36,5,1904,0,,0,0,,,-666666666.0,0
36005002001,Census Tract 20.01; Bronx County; New York,36,5,2001,1729,22311.0,1250,435,72.29612492770387,25.15905147484095,5.0,1729
36005002002,Census Tract 20.02; Bronx County; New York,36,5,2002,1808,18649.0,1393,380,77.04646017699115,21.01769911504425,0.0,1808
36005002300,Census Tract 23; Bronx County; New York,36,5,2300,1904,16332.0,1547,158,81.25,8.298319327731091,5.6,1904
36005002400,Census Tract 24; Bronx County; New York,36,5,2400,0,,0,0,,,23.8,0
36005002500,Census Tract 25; Bronx County; New York,36,5,2500,1872,35582.0,1579,183,84.3482905982906,9.775641025641026,0.4,1872
36005002701,Census Tract 27.01; Bronx County; New York,36,5,2701,1197,20266.0,966,220,80.7017543859649,18.379281537176272,1.6,1197
36005002702,Census Tract 27.02; Bronx County; New York,36,5,2702,1528,30895.0,1267,191,82.91884816753927,12.5,0.8,1528
36005002800,Census Tract 28; Bronx County; New York,36,5,2800,2806,58068.0,2534,176,90.30648610121169,6.272273699215966,3.8,2806
36005003100,Census Tract 31; Bronx County; New York,36,5,3100,1162,59297.0,1094,18,94.14802065404476,1.549053356282272,0.0,1162
36005003300,Census Tract 33; Bronx County; New York,36,5,3300,1243,31289.0,1041,162,83.74899436846339,13.032984714400644,7.8,1243
36005003500,Census Tract 35; Bronx County; New York,36,5,3500,1428,36569.0,1390,38,97.3389355742297,2.661064425770308,7.3,1428
36005003700,Census Tract 37; Bronx County; New York,36,5,3700,149,53029.0,149,0,100.0,0.0,0.0,149
36005003800,Census Tract 38; Bronx County; New York,36,5,3800,392,54214.0,359,13,91.58163265306123,3.316326530612245,4.8,392
36005003900,Census Tract 39; Bronx County; New York,36,5,3900,2197,25625.0,1569,592,71.41556668183887,26.9458352298589,0.0,2197
36005004001,Census Tract 40.01; Bronx County; New York,36,5,4001,489,78935.0,462,27,94.47852760736197,5.521472392638037,3.1,489
36005004100,Census Tract 41; Bronx County; New York,36,5,4100,2468,14592.0,1830,464,74.14910858995137,18.80064829821718,1.8,2468
36005004200,Census Tract 42; Bronx County; New York,36,5,4200,2839,55404.0,2553,205,89.92603029235646,7.220852412821416,4.4,2839
36005004300,Census Tract 43; Bronx County; New York,36,5,4300,2230,23393.0,1912,273,85.73991031390135,12.242152466367713,4.2,2230
36005004400,Census Tract 44; Bronx County; New York,36,5,4400,1539,24375.0,1277,205,82.97595841455491,13.32033788174139,4.7,1539
36005004600,Census Tract 46; Bronx County; New York,36,5,4600,664,30714.0,579,77,87.19879518072288,11.596385542168674,3.5,664
36005004800,Census Tract 48; Bronx County; New York,36,5,4800,1498,35870.0,1069,405,71.36181575433912,27.03604806408545,3.8,1498
36005005001,Census Tract 50.01; Bronx County; New York,36,5,5001,1406,33632.0,1137,133,80.86770981507824,9.45945945945946,2.2,1406
36005005002,Census Tract 50.02; Bronx County; New York,36,5,5002,1880,34688.0,1506,318,80.1063829787234,16.914893617021278,2.5,1880
36005005100,Census Tract 51; Bronx County; New York,36,5,5100,2930,25851.0,2573,152,87.81569965870307,5.187713310580205,4.2,2930
36005005200,Census Tract 52; Bronx County; New York,36,5,5200,813,39743.0,632,153,77.73677736777368,18.81918819188192,15.6,813
36005005300,Census Tract 53; Bronx County; New York,36,5,5300,1614,20608.0,1335,164,82.71375464684016,10.161090458488228,7.0,1614
36005005400,Census Tract 54; Bronx County; New York,36,5,5400,1756,54884.0,1241,485,70.67198177676538,27.619589977220954,7.0,1756
36005005600,Census Tract 56; Bronx County; New York,36,5,5600,1006,41684.0,675,288,67.09741550695824,28.628230616302186,10.1,1006
36005005902,Census Tract 59.02; Bronx County; New York,36,5,5902,1288,51364.0,1035,188,80.35714285714286,14.596273291925465,1.2,1288
36005006000,Census Tract 60; Bronx County; New York,36,5,6000,386,78269.0,363,23,94.04145077720207,5.958549222797927,2.0,386
36005006100,Census Tract 61; Bronx County; New York,36,5,6100,1875,72123.0,1571,159,83.78666666666666,8.48,5.0,1875
36005006200,Census Tract 62; Bronx County; New York,36,5,6200,2544,27453.0,1772,606,69.65408805031447,23.82075471698113,3.6,2544
36005006301,Census Tract 63.01; Bronx County; New York,36,5,6301,3045,59924.0,2476,402,81.3136288998358,13.201970443349753,5.2,3045
36005006302,Census Tract 63.02; Bronx County; New York,36,5,6302,0,,0,0,,,-666666666.0,0
36005006400,Census Tract 64; Bronx County; New York,36,5,6400,1574,41429.0,1476,81,93.7738246505718,5.146124523506988,8.2,1574
36005006500,Census Tract 65; Bronx County; New York,36,5,6500,2245,22740.0,1716,423,76.43652561247217,18.84187082405345,0.1,2245
36005006700,Census Tract 67; Bronx County; New York,36,5,6700,2640,30191.0,1887,753,71.47727272727272,28.522727272727273,1.1,2640
36005006800,Census Tract 68; Bronx County; New York,36,5,6800,893,32550.0,846,25,94.73684210526315,2.799552071668533,11.0,893
36005006900,Census Tract 69; Bronx County; New York,36,5,6900,2705,26608.0,2323,217,85.87800369685768,8.022181146025877,0.7,2705
36005007000,Census Tract 70; Bronx County; New York,36,5,7000,1447,40417.0,1267,149,87.56046993780235,10.297166551485832,5.1,1447
36005007100,Census Tract 71; Bronx County; New York,36,5,7100,1530,23148.0,1215,167,79.41176470588235,10.915032679738562,1.8,1530
36005007200,Census Tract 72; Bronx County; New York,36,5,7200,1625,58244.0,1475,120,90.76923076923077,7.384615384615385,1.0,1625
36005007300,Census Tract 73; Bronx County; New York,36,5,7300,1602,29978.0,1223,328,76.34207240948814,20.474406991260924,5.3,1602
36005007400,Census Tract 74; Bronx County; New York,36,5,7400,1429,69363.0,1237,115,86.56403079076277,8.047585724282715,5.2,1429
36005007500,Census Tract 75; Bronx County; New York,36,5,7500,2430,34259.0,2206,181,90.78189300411522,7.448559670781893,0.8,2430
36005007600,Census Tract 76; Bronx County; New York,36,5,7600,1822,53320.0,1469,157,80.62568605927552,8.616904500548847,3.4,1822
36005007700,Census Tract 77; Bronx County; New York,36,5,7700,601,50733.0,525,76,87.35440931780366,12.645590682196339,2.0,601
36005007800,Census Tract 78; Bronx County; New York,36,5,7800,1932,47216.0,1691,217,87.52587991718427,11.231884057971014,5.4,1932
36005007900,Census Tract 79; Bronx County; New York,36,5,7900,2225,43081.0,2076,76,93.30337078651687,3.415730337078652,0.2,2225
36005008300,Census Tract 83; Bronx County; New York,36,5,8300,2213,48634.0,1846,338,83.41617713511071,15.27338454586534,3.7,2213
36005008400,Census Tract 84; Bronx County; New York,36,5,8400,1023,63631.0,968,55,94.6236559139785,5.376344086021505,5.9,1023
36005008500,Census Tract 85; Bronx County; New York,36,5,8500,2189,41535.0,1798,193,82.13796253997259,8.816811329374143,5.7,2189
36005008600,Census Tract 86; Bronx County; New York,36,5,8600,1550,22671.0,1060,403,68.38709677419355,26.0,1.8,1550
36005008700,Census Tract 87; Bronx County; New York,36,5,8700,2091,40188.0,1671,220,79.9139167862267,10.52128168340507,3.1,2091
36005008900,Census Tract 89; Bronx County; New York,36,5,8900,1346,35914.0,841,330,62.481426448737,24.51708766716196,0.8,1346
36005009000,Census Tract 90; Bronx County; New York,36,5,9000,1281,36806.0,1052,97,82.12334113973458,7.572209211553474,6.4,1281
36005009200,Census Tract 92; Bronx County; New York,36,5,9200,1872,58717.0,1791,66,95.67307692307693,3.5256410256410255,2.3,1872
36005009301,Census Tract 93.01; Bronx County; New York,36,5,9301,1912,50962.0,1651,233,86.34937238493724,12.186192468619247,2.2,1912
36005009302,Census Tract 93.02; Bronx County; New York,36,5,9302,0,,0,0,,,0.0,0
36005009600,Census Tract 96; Bronx County; New York,36,5,9600,818,47212.0,578,121,70.6601466992665,14.792176039119804,2.7,818
36005009800,Census Tract 98; Bronx County; New York,36,5,9800,1669,97896.0,1468,111,87.95686039544638,6.65068903535051,11.7,1669
36005011000,Census Tract 110; Bronx County; New York,36,5,11000,0,,0,0,,,-666666666.0,0
36005011502,Census Tract 115.02; Bronx County; New York,36,5,11502,1513,30922.0,1232,253,81.42762723066754,16.721744877726373,6.1,1513
36005011701,Census Tract 117.01; Bronx County; New York,36,5,11701,474,36857.0,411,63,86.70886075949366,13.291139240506327,0.7,474
36005011702,Census Tract 117.02; Bronx County; New York,36,5,11702,0,,0,0,,,-666666666.0,0
36005011800,Census Tract 118; Bronx County; New York,36,5,11800,1517,93319.0,1418,56,93.47396176664469,3.691496374423204,0.6,1517
36005011900,Census Tract 119; Bronx County; New York,36,5,11900,1875,44122.0,1684,101,89.81333333333333,5.386666666666667,0.9,1875
36005012101,Census Tract 121.01; Bronx County; New York,36,5,12101,1057,34464.0,871,186,82.40302743614002,17.596972563859982,0.2,1057
36005012102,Census Tract 121.02; Bronx County; New York,36,5,12102,572,28200.0,476,87,83.21678321678321,15.209790209790212,5.5,572
36005012300,Census Tract 123; Bronx County; New York,36,5,12300,1772,36435.0,1429,321,80.64334085778782,18.115124153498872,0.4,1772
36005012500,Census Tract 125; Bronx County; New York,36,5,12500,1449,55772.0,1400,49,96.61835748792271,3.3816425120772946,6.3,1449
36005012701,Census Tract 127.01; Bronx County; New York,36,5,12701,745,34688.0,654,91,87.78523489932886,12.21476510067114,2.3,745
36005012901,Census Tract 129.01; Bronx County; New York,36,5,12901,1744,39409.0,1321,216,75.7454128440367,12.385321100917432,6.6,1744
36005013000,Census Tract 130; Bronx County; New York,36,5,13000,472,59595.0,400,56,84.7457627118644,11.864406779661017,0.0,472
36005013100,Census Tract 131; Bronx County; New York,36,5,13100,2225,19760.0,1932,216,86.8314606741573,9.707865168539326,0.9,2225
36005013200,Census Tract 132; Bronx County; New York,36,5,13200,2605,107563.0,2383,156,91.47792706333973,5.9884836852207295,8.0,2605
36005013300,Census Tract 133; Bronx County; New York,36,5,13300,2269,28560.0,1636,382,72.10224768620537,16.835610401057735,2.7,2269
36005013500,Census Tract 135; Bronx County; New York,36,5,13500,1534,26125.0,1154,254,75.22816166883963,16.558018252933508,0.0,1534
36005013800,Census Tract 138; Bronx County; New York,36,5,13800,1255,92567.0,1176,36,93.70517928286853,2.8685258964143427,3.3,1255
36005014100,Census Tract 141; Bronx County; New York,36,5,14100,3034,38816.0,2804,121,92.41924851680949,3.988134475939354,5.8,3034
36005014300,Census Tract 143; Bronx County; New York,36,5,14300,743,12367.0,597,98,80.34993270524899,13.189771197846568,3.8,743
36005014400,Census Tract 144; Bronx County; New York,36,5,14400,2428,30288.0,2177,158,89.66227347611203,6.507413509060955,3.2,2428
36005014500,Census Tract 145; Bronx County; New York,36,5,14500,2433,28104.0,1595,725,65.55692560624743,29.79860254829429,5.9,2433
36005014701,Census Tract 147.01; Bronx County; New York,36,5,14701,2009,35277.0,1729,160,86.06271777003485,7.964161274265804,1.0,2009
36005014702,Census Tract 147.02; Bronx County; New York,36,5,14702,1924,23825.0,1634,190,84.92723492723493,9.875259875259875,1.0,1924
36005014900,Census Tract 149; Bronx County; New York,36,5,14900,1546,35982.0,1179,276,76.26131953428201,17.852522639068564,0.8,1546
36005015100,Census Tract 151; Bronx County; New York,36,5,15100,2117,31298.0,1757,299,82.99480396787906,14.123760037789324,3.7,2117
36005015200,Census Tract 152; Bronx County; New York,36,5,15200,986,81875.0,922,55,93.50912778904666,5.578093306288032,0.9,986
36005015300,Census Tract 153; Bronx County; New York,36,5,15300,1781,33028.0,1542,239,86.58057271195958,13.419427288040428,10.4,1781
36005015500,Census Tract 155; Bronx County; New York,36,5,15500,1064,43913.0,877,117,82.42481203007519,10.996240601503759,0.6,1064
36005015700,Census Tract 157; Bronx County; New York,36,5,15700,2321,46504.0,2096,144,90.30590262817752,6.204222317966393,7.5,2321
36005015800,Census Tract 158; Bronx County; New York,36,5,15800,534,87656.0,426,87,79.7752808988764,16.292134831460675,2.6,534
36005015900,Census Tract 159; Bronx County; New York,36,5,15900,1023,25686.0,872,114,85.23949169110459,11.143695014662756,2.5,1023
36005016000,Census Tract 160; Bronx County; New York,36,5,16000,1521,90221.0,1417,63,93.16239316239316,4.142011834319527,0.7,1521
36005016100,Census Tract 161; Bronx County; New York,36,5,16100,2224,23210.0,1935,201,87.00539568345323,9.037769784172662,4.2,2224
36005016200,Census Tract 162; Bronx County; New York,36,5,16200,509,121645.0,496,13,97.44597249508841,2.5540275049115913,0.3,509
36005016300,Census Tract 163; Bronx County; New York,36,5,16300,0,,0,0,,,-666666666.0,0
36005016400,Census Tract 164; Bronx County; New York,36,5,16400,392,69057.0,348,44,88.77551020408163,11.224489795918368,6.1,392
36005016500,Census Tract 165; Bronx County; New York,36,5,16500,376,52446.0,355,10,94.41489361702128,2.6595744680851063,11.0,376
36005016600,Census Tract 166; Bronx County; New York,36,5,16600,802,109519.0,753,49,93.89027431421447,6.109725685785536,9.3,802
36005016700,Census Tract 167; Bronx County; New York,36,5,16700,1154,45363.0,1066,66,92.37435008665511,5.719237435008666,5.1,1154
36005016900,Census Tract 169; Bronx County; New York,36,5,16900,607,42168.0,579,18,95.38714991762768,2.9654036243822075,10.2,607
36005017100,Census Tract 171; Bronx County; New York,36,5,17100,0,,0,0,,,-666666666.0,0
36005017300,Census Tract 173; Bronx County; New York,36,5,17300,2276,33269.0,1795,265,78.8664323374341,11.64323374340949,1.6,2276
36005017500,Census Tract 175; Bronx County; New York,36,5,17500,2975,18474.0,2488,242,83.63025210084034,8.134453781512605,9.7,2975
36005017701,Census Tract 177.01; Bronx County; New York,36,5,17701,1462,62126.0,1320,31,90.2872777017784,2.1203830369357046,0.5,1462
36005017702,Census Tract 177.02; Bronx County; New York,36,5,17702,1675,40125.0,1589,50,94.86567164179105,2.9850746268656714,8.0,1675
36005017901,Census Tract 179.01; Bronx County; New York,36,5,17901,1688,47778.0,1630,0,96.56398104265402,0.0,4.6,1688
36005017902,Census Tract 179.02; Bronx County; New York,36,5,17902,1216,42870.0,1047,135,86.10197368421053,11.101973684210527,1.7,1216
36005018101,Census Tract 181.01; Bronx County; New York,36,5,18101,1084,55664.0,959,108,88.46863468634686,9.96309963099631,7.9,1084
36005018102,Census Tract 181.02; Bronx County; New York,36,5,18102,2150,31618.0,1703,400,79.2093023255814,18.6046511627907,5.3,2150
36005018301,Census Tract 183.01; Bronx County; New York,36,5,18301,1934,46389.0,1570,273,81.1789038262668,14.115822130299897,1.7,1934
36005018302,Census Tract 183.02; Bronx County; New York,36,5,18302,1452,68627.0,1293,124,89.0495867768595,8.539944903581267,13.5,1452
36005018400,Census Tract 184; Bronx County; New York,36,5,18400,1340,92273.0,1266,74,94.47761194029852,5.522388059701493,0.2,1340
36005018501,Census Tract 185.01; Bronx County; New York,36,5,18501,1466,49444.0,1377,89,93.92905866302866,6.070941336971351,6.7,1466
36005018502,Census Tract 185.02; Bronx County; New York,36,5,18502,2106,28963.0,1808,280,85.84995251661918,13.295346628679964,4.1,2106
36005018900,Census Tract 189; Bronx County; New York,36,5,18900,3050,54056.0,2539,352,83.24590163934427,11.540983606557377,2.9,3050
36005019300,Census Tract 193; Bronx County; New York,36,5,19300,2519,46794.0,2033,76,80.70662961492656,3.017070265978563,9.1,2519
36005019400,Census Tract 194; Bronx County; New York,36,5,19400,696,100950.0,587,84,84.33908045977012,12.068965517241379,3.4,696
36005019500,Census Tract 195; Bronx County; New York,36,5,19500,2703,45661.0,2203,357,81.50203477617463,13.20754716981132,0.7,2703
36005019700,Census Tract 197; Bronx County; New York,36,5,19700,2528,25439.0,2040,325,80.69620253164557,12.856012658227847,2.8,2528
36005019900,Census Tract 199; Bronx County; New York,36,5,19900,3185,34311.0,2279,810,71.5541601255887,25.43171114599686,0.5,3185
36005020000,Census Tract 200; Bronx County; New York,36,5,20000,1430,46622.0,1262,158,88.25174825174825,11.048951048951048,0.8,1430
36005020100,Census Tract 201; Bronx County; New York,36,5,20100,1406,32692.0,1299,71,92.38975817923186,5.049786628733997,0.4,1406
36005020200,Census Tract 202; Bronx County; New York,36,5,20200,975,53491.0,797,156,81.74358974358974,16.0,1.4,975
36005020400,Census Tract 204; Bronx County; New York,36,5,20400,988,55947.0,921,39,93.21862348178138,3.9473684210526314,5.2,988
36005020501,Census Tract 205.01; Bronx County; New York,36,5,20501,2681,27349.0,2552,66,95.18836255128683,2.461767997016039,0.8,2681
36005020502,Census Tract 205.02; Bronx County; New York,36,5,20502,1040,39688.0,905,95,87.01923076923077,9.134615384615383,3.6,1040
36005020601,Census Tract 206.01; Bronx County; New York,36,5,20601,937,86701.0,783,119,83.56456776947705,12.700106723585913,2.4,937
36005020900,Census Tract 209; Bronx County; New York,36,5,20900,1944,38333.0,1524,320,78.39506172839506,16.46090534979424,2.5,1944
36005021001,Census Tract 210.01; Bronx County; New York,36,5,21001,3563,52629.0,3210,325,90.09261857984843,9.121526803255684,11.1,3563
36005021002,Census Tract 210.02; Bronx County; New York,36,5,21002,3158,73188.0,2731,269,86.47878404053199,8.518049398353387,5.2,3158
36005021100,Census Tract 211; Bronx County; New York,36,5,21100,2002,52128.0,1778,136,88.81118881118881,6.793206793206793,4.7,2002
36005021200,Census Tract 212; Bronx County; New York,36,5,21200,2325,68926.0,2021,241,86.9247311827957,10.365591397849462,5.7,2325
36005021301,Census Tract 213.01; Bronx County; New York,36,5,21301,447,37171.0,443,0,99.10514541387025,0.0,0.0,447
36005021302,Census Tract 213.02; Bronx County; New York,36,5,21302,2324,37049.0,2085,183,89.71600688468159,7.874354561101549,4.0,2324
36005021501,Census Tract 215.01; Bronx County; New York,36,5,21501,1348,37171.0,1205,101,89.39169139465875,7.492581602373888,0.8,1348
36005021502,Census Tract 215.02; Bronx County; New York,36,5,21502,2322,20415.0,2233,89,96.16709732988802,3.832902670111973,1.1,2322
36005021601,Census Tract 216.01; Bronx County; New York,36,5,21601,1582,33990.0,1335,212,84.38685208596713,13.400758533501897,5.9,1582
36005021602,Census Tract 216.02; Bronx County; New York,36,5,21602,2345,58569.0,2112,155,90.0639658848614,6.609808102345416,4.2,2345
36005021700,Census Tract 217; Bronx County; New York,36,5,21700,1939,36195.0,1428,319,73.6462093862816,16.451779267663742,1.5,1939
36005021800,Census Tract 218; Bronx County; New York,36,5,21800,2329,60108.0,2122,76,91.11206526406183,3.2632030914555603,1.7,2329
36005021900,Census Tract 219; Bronx County; New York,36,5,21900,489,48444.0,369,91,75.4601226993865,18.609406952965234,0.0,489
36005022000,Census Tract 220; Bronx County; New York,36,5,22000,650,23910.0,451,178,69.38461538461539,27.384615384615387,5.5,650
36005022101,Census Tract 221.01; Bronx County; New York,36,5,22101,1339,52176.0,1147,73,85.66094100074683,5.4518297236743845,0.5,1339
36005022102,Census Tract 221.02; Bronx County; New York,36,5,22102,1681,33614.0,1392,184,82.8078524687686,10.945865556216537,1.7,1681
36005022200,Census Tract 222; Bronx County; New York,36,5,22200,1089,48110.0,1007,70,92.47015610651974,6.42791551882461,1.1,1089
36005022300,Census Tract 223; Bronx County; New York,36,5,22300,2103,45257.0,1827,179,86.87589158345222,8.511650023775559,5.9,2103
36005022401,Census Tract 224.01; Bronx County; New York,36,5,22401,965,53398.0,866,99,89.74093264248705,10.259067357512954,0.0,965
36005022403,Census Tract 224.03; Bronx County; New York,36,5,22403,1154,72143.0,1061,93,91.94107452339688,8.05892547660312,5.7,1154
36005022404,Census Tract 224.04; Bronx County; New York,36,5,22404,1875,61760.0,1716,159,91.52,8.48,6.3,1875
36005022500,Census Tract 225; Bronx County; New York,36,5,22500,2225,50243.0,1954,231,87.82022471910112,10.382022471910112,0.4,2225
36005022701,Census Tract 227.01; Bronx County; New York,36,5,22701,2025,37828.0,1808,120,89.28395061728395,5.9259259259259265,4.2,2025
36005022702,Census Tract 227.02; Bronx County; New York,36,5,22702,545,34145.0,497,48,91.19266055045871,8.807339449541285,3.0,545
36005022703,Census Tract 227.03; Bronx County; New York,36,5,22703,695,60694.0,598,88,86.0431654676259,12.661870503597122,6.9,695
36005022800,Census Tract 228; Bronx County; New York,36,5,22800,2381,83859.0,2177,160,91.43217135657287,6.719865602687946,1.7,2381
36005022901,Census Tract 229.01; Bronx County; New York,36,5,22901,1970,52222.0,1748,207,88.73096446700508,10.50761421319797,1.5,1970
36005022902,Census Tract 229.02; Bronx County; New York,36,5,22902,1186,47833.0,903,223,76.13827993254637,18.802698145025296,5.6,1186
36005023000,Census Tract 230; Bronx County; New York,36,5,23000,965,53826.0,890,62,92.2279792746114,6.424870466321243,0.0,965
36005023100,Census Tract 231; Bronx County; New York,36,5,23100,404,,373,0,92.32673267326733,0.0,1.4,404
36005023200,Census Tract 232; Bronx County; New York,36,5,23200,867,50893.0,716,146,82.5836216839677,16.839677047289502,0.6,867
36005023301,Census Tract 233.01; Bronx County; New York,36,5,23301,1622,37936.0,1480,77,91.24537607891492,4.747225647348952,8.7,1622
36005023302,Census Tract 233.02; Bronx County; New York,36,5,23302,1082,69030.0,846,230,78.18853974121997,21.256931608133087,1.6,1082
36005023501,Census Tract 235.01; Bronx County; New York,36,5,23501,1211,19940.0,972,150,80.26424442609414,12.386457473162675,0.6,1211
36005023502,Census Tract 235.02; Bronx County; New York,36,5,23502,1703,41780.0,1424,251,83.61714621256607,14.73869641808573,2.3,1703
36005023600,Census Tract 236; Bronx County; New York,36,5,23600,566,52368.0,494,72,87.27915194346289,12.7208480565371,0.2,566
36005023702,Census Tract 237.02; Bronx County; New York,36,5,23702,317,34922.0,310,0,97.79179810725552,0.0,0.0,317
36005023703,Census Tract 237.03; Bronx County; New York,36,5,23703,1835,32892.0,1621,176,88.33787465940055,9.591280653950953,2.7,1835
36005023704,Census Tract 237.04; Bronx County; New York,36,5,23704,1392,32228.0,1192,96,85.63218390804597,6.896551724137931,3.4,1392
36005023800,Census Tract 238; Bronx County; New York,36,5,23800,802,64408.0,748,54,93.26683291770573,6.733167082294264,0.8,802
36005023900,Census Tract 239; Bronx County; New York,36,5,23900,2583,37543.0,2158,294,83.54626403406891,11.38211382113821,6.7,2583
36005024000,Census Tract 240; Bronx County; New York,36,5,24000,1319,68832.0,1221,75,92.57012888551934,5.686125852918878,9.8,1319
36005024100,Census Tract 241; Bronx County; New York,36,5,24100,2309,22361.0,2128,145,92.16110870506714,6.27977479428324,6.6,2309
36005024300,Census Tract 243; Bronx County; New York,36,5,24300,2007,30446.0,1716,63,85.50074738415545,3.1390134529147984,3.0,2007
36005024400,Census Tract 244; Bronx County; New York,36,5,24400,830,82083.0,812,18,97.83132530120481,2.1686746987951806,1.8,830
36005024501,Census Tract 245.01; Bronx County; New York,36,5,24501,1630,45900.0,1401,128,85.95092024539878,7.85276073619632,3.9,1630
36005024502,Census Tract 245.02; Bronx County; New York,36,5,24502,1256,60221.0,1204,35,95.85987261146497,2.786624203821656,0.4,1256
36005024600,Census Tract 246; Bronx County; New York,36,5,24600,774,97115.0,706,63,91.21447028423772,8.13953488372093,0.0,774
36005024700,Census Tract 247; Bronx County; New York,36,5,24700,735,48906.0,654,35,88.9795918367347,4.761904761904762,5.0,735
36005024800,Census Tract 248; Bronx County; New York,36,5,24800,1250,61210.0,1104,130,88.32,10.4,6.1,1250
36005024900,Census Tract 249; Bronx County; New York,36,5,24900,0,,0,0,,,-666666666.0,0
36005025000,Census Tract 250; Bronx County; New York,36,5,25000,905,109896.0,788,117,87.07182320441989,12.928176795580109,0.0,905
36005025100,Census Tract 251; Bronx County; New York,36,5,25100,2314,36845.0,2006,255,86.68971477960243,11.019878997407087,6.5,2314
36005025200,Census Tract 252; Bronx County; New York,36,5,25200,921,83688.0,832,89,90.33659066232356,9.66340933767644,2.7,921
36005025300,Census Tract 253; Bronx County; New York,36,5,25300,1862,42976.0,1693,100,90.92373791621911,5.370569280343716,1.1,1862
36005025400,Census Tract 254; Bronx County; New York,36,5,25400,833,90108.0,801,32,96.15846338535414,3.8415366146458583,0.5,833
36005025500,Census Tract 255; Bronx County; New York,36,5,25500,2311,49159.0,1660,551,71.83037646040675,23.842492427520554,8.3,2311
36005025600,Census Tract 256; Bronx County; New York,36,5,25600,626,60815.0,531,84,84.82428115015975,13.418530351437699,5.3,626
36005025700,Census Tract 257; Bronx County; New York,36,5,25700,656,38667.0,630,26,96.03658536585365,3.9634146341463414,1.5,656
36005026100,Census Tract 261; Bronx County; New York,36,5,26100,1126,59242.0,1030,87,91.47424511545293,7.726465364120781,5.4,1126
36005026300,Census Tract 263; Bronx County; New York,36,5,26300,2248,42100.0,2120,82,94.30604982206405,3.6476868327402134,2.0,2248
36005026400,Census Tract 264; Bronx County; New York,36,5,26400,2227,65337.0,2102,108,94.38706780422092,4.84957341715312,4.4,2227
36005026500,Census Tract 265; Bronx County; New York,36,5,26500,2181,71688.0,2008,133,92.06785878037597,6.098120128381476,0.4,2181
36005026601,Census Tract 266.01; Bronx County; New York,36,5,26601,1400,51042.0,1233,139,88.07142857142857,9.928571428571429,4.9,1400
36005026602,Census Tract 266.02; Bronx County; New York,36,5,26602,2532,53969.0,2165,367,85.50552922590838,14.494470774091628,1.9,2532
36005026701,Census Tract 267.01; Bronx County; New York,36,5,26701,1290,52286.0,1213,51,94.03100775193799,3.953488372093023,0.0,1290
36005026702,Census Tract 267.02; Bronx County; New York,36,5,26702,2546,75924.0,2329,129,91.47682639434407,5.066771406127259,3.6,2546
36005026900,Census Tract 269; Bronx County; New York,36,5,26900,1926,27569.0,1739,147,90.2907580477674,7.632398753894081,1.0,1926
36005027300,Census Tract 273; Bronx County; New York,36,5,27300,2979,51730.0,2737,126,91.87646861362873,4.229607250755287,1.7,2979
36005027401,Census Tract 274.01; Bronx County; New York,36,5,27401,1840,105346.0,1597,65,86.79347826086956,3.532608695652174,0.3,1840
36005027402,Census Tract 274.02; Bronx County; New York,36,5,27402,1316,108235.0,1176,64,89.36170212765957,4.86322188449848,0.9,1316
36005027600,Census Tract 276; Bronx County; New York,36,5,27600,31,,23,0,74.19354838709677,0.0,1.9,31
36005027700,Census Tract 277; Bronx County; New York,36,5,27700,1790,48750.0,1607,147,89.77653631284916,8.212290502793296,0.0,1790
36005027900,Census Tract 279; Bronx County; New York,36,5,27900,3017,72721.0,2833,97,93.90122638382499,3.2151143520053034,4.0,3017
36005028100,Census Tract 281; Bronx County; New York,36,5,28100,1673,65982.0,1379,275,82.42677824267783,16.43753735803945,0.5,1673
36005028300,Census Tract 283; Bronx County; New York,36,5,28300,1044,13796.0,855,175,81.89655172413794,16.762452107279692,0.0,1044
36005028400,Census Tract 284; Bronx County; New York,36,5,28400,0,,0,0,,,0.0,0
36005028500,Census Tract 285; Bronx County; New York,36,5,28500,1799,70659.0,1678,81,93.27404113396331,4.502501389660923,1.8,1799
36005028600,Census Tract 286; Bronx County; New York,36,5,28600,532,72692.0,422,110,79.32330827067669,20.676691729323306,1.4,532
36005028700,Census Tract 287; Bronx County; New York,36,5,28700,1244,62500.0,1234,10,99.19614147909968,0.8038585209003215,2.5,1244
36005028800,Census Tract 288; Bronx County; New York,36,5,28800,1046,97969.0,1011,12,96.65391969407266,1.147227533460803,0.6,1046
36005028900,Census Tract 289; Bronx County; New York,36,5,28900,1861,61797.0,1714,129,92.10102095647501,6.93175711982805,1.7,1861
36005029301,Census Tract 293.01; Bronx County; New York,36,5,29301,939,145951.0,907,18,96.59211927582535,1.9169329073482428,2.5,939
36005029302,Census Tract 293.02; Bronx County; New York,36,5,29302,2652,133102.0,2603,0,98.1523378582202,0.0,6.3,2652
36005029500,Census Tract 295; Bronx County; New York,36,5,29500,2014,98125.0,1711,216,84.95531281032771,10.724925521350546,1.7,2014
36005029600,Census Tract 296; Bronx County; New York,36,5,29600,1098,57474.0,889,80,80.96539162112933,7.285974499089254,4.5,1098
36005029700,Census Tract 297; Bronx County; New York,36,5,29700,1887,100548.0,1745,70,92.47482776894542,3.709591944886063,6.3,1887
36005030000,Census Tract 300; Bronx County; New York,36,5,30000,2560,78155.0,2418,111,94.453125,4.3359375,0.2,2560
36005030100,Census Tract 301; Bronx County; New York,36,5,30100,692,80357.0,639,29,92.34104046242774,4.190751445086705,3.3,692
36005030201,Census Tract 302.01; Bronx County; New York,36,5,30201,1686,69500.0,1488,160,88.25622775800713,9.489916963226571,11.9,1686
36005030202,Census Tract 302.02; Bronx County; New York,36,5,30202,2683,74044.0,2318,256,86.39582556839359,9.54155795751025,12.7,2683
36005030701,Census Tract 307.01; Bronx County; New York,36,5,30701,2411,109890.0,2259,40,93.69556200746578,1.659062629614268,2.8,2411
36005030900,Census Tract 309; Bronx County; New York,36,5,30900,1442,117333.0,1379,47,95.63106796116504,3.259361997226075,0.6,1442
36005031000,Census Tract 310; Bronx County; New York,36,5,31000,1291,148168.0,1243,48,96.281951975213,3.7180480247869867,3.8,1291
36005031200,Census Tract 312; Bronx County; New York,36,5,31200,532,108056.0,492,36,92.4812030075188,6.7669172932330826,13.4,532
36005031400,Census Tract 314; Bronx County; New York,36,5,31400,596,111800.0,502,78,84.22818791946308,13.087248322147651,2.8,596
36005031600,Census Tract 316; Bronx County; New York,36,5,31600,711,79263.0,663,48,93.24894514767934,6.751054852320674,5.8,711
36005031800,Census Tract 318; Bronx County; New York,36,5,31800,542,96000.0,522,20,96.30996309963099,3.6900369003690034,1.9,542
36005031900,Census Tract 319; Bronx County; New York,36,5,31900,6,,0,6,0.0,100.0,1.7,6
36005032300,Census Tract 323; Bronx County; New York,36,5,32300,2690,95556.0,2502,112,93.01115241635688,4.163568773234201,2.6,2690
36005032400,Census Tract 324; Bronx County; New York,36,5,32400,1293,31489.0,1200,21,92.80742459396751,1.6241299303944314,7.8,1293
36005032600,Census Tract 326; Bronx County; New York,36,5,32600,1065,89323.0,982,59,92.20657276995306,5.539906103286385,1.3,1065
36005032800,Census Tract 328; Bronx County; New York,36,5,32800,1407,49720.0,1320,29,93.81663113006397,2.061122956645345,2.5,1407
36005033000,Census Tract 330; Bronx County; New York,36,5,33000,2087,40133.0,1707,318,81.79204599904169,15.237182558696693,5.8,2087
36005033201,Census Tract 332.01; Bronx County; New York,36,5,33201,2258,35360.0,2074,173,91.85119574844995,7.661647475642161,1.8,2258
36005033202,Census Tract 332.02; Bronx County; New York,36,5,33202,1478,50245.0,1231,180,83.28822733423546,12.178619756427606,9.2,1478
36005033400,Census Tract 334; Bronx County; New York,36,5,33400,8,,8,0,100.0,0.0,0.0,8
36005033500,Census Tract 335; Bronx County; New York,36,5,33500,801,109867.0,773,28,96.50436953807741,3.495630461922597,1.0,801
36005033601,Census Tract 336.01; Bronx County; New York,36,5,33601,2188,20765.0,1608,322,73.49177330895796,14.716636197440586,7.9,2188
36005033602,Census Tract 336.02; Bronx County; New York,36,5,33602,589,70475.0,530,25,89.9830220713073,4.244482173174872,18.5,589
36005033700,Census Tract 337; Bronx County; New York,36,5,33700,1049,125273.0,987,62,94.08960915157293,5.910390848427073,0.5,1049
36005033801,Census Tract 338.01; Bronx County; New York,36,5,33801,913,72725.0,872,32,95.50930996714129,3.5049288061336252,10.2,913
36005033802,Census Tract 338.02; Bronx County; New York,36,5,33802,528,62153.0,452,12,85.60606060606061,2.272727272727273,2.1,528
36005034000,Census Tract 340; Bronx County; New York,36,5,34000,1762,63500.0,1642,90,93.18955732122588,5.10783200908059,18.1,1762
36005034200,Census Tract 342; Bronx County; New York,36,5,34200,625,73298.0,565,60,90.4,9.6,11.7,625
36005034300,Census Tract 343; Bronx County; New York,36,5,34300,575,76940.0,519,40,90.26086956521739,6.956521739130435,2.2,575
36005034400,Census Tract 344; Bronx County; New York,36,5,34400,586,79167.0,491,82,83.78839590443687,13.993174061433447,6.3,586
36005034500,Census Tract 345; Bronx County; New York,36,5,34500,1680,100539.0,1537,78,91.48809523809524,4.642857142857143,3.1,1680
36005034800,Census Tract 348; Bronx County; New York,36,5,34800,2106,55700.0,1822,223,86.51471984805318,10.588793922127255,7.7,2106
36005035000,Census Tract 350; Bronx County; New York,36,5,35000,790,72778.0,672,97,85.0632911392405,12.278481012658228,33.5,790
36005035100,Census Tract 351; Bronx County; New York,36,5,35100,1258,94948.0,1216,25,96.66136724960255,1.987281399046105,0.8,1258
36005035600,Census Tract 356; Bronx County; New York,36,5,35600,678,85962.0,672,0,99.11504424778761,0.0,37.5,678
36005035800,Census Tract 358; Bronx County; New York,36,5,35800,2646,87553.0,1998,553,75.51020408163265,20.8994708994709,38.8,2646
36005035900,Census Tract 359; Bronx County; New York,36,5,35900,1693,34472.0,1571,102,92.79385705847608,6.0248080330773774,4.7,1693
36005036000,Census Tract 360; Bronx County; New York,36,5,36000,962,85708.0,902,60,93.76299376299376,6.237006237006238,27.5,962
36005036100,Census Tract 361; Bronx County; New York,36,5,36100,1969,29250.0,1639,260,83.24022346368714,13.204672422549518,2.7,1969
36005036300,Census Tract 363; Bronx County; New York,36,5,36300,2458,27273.0,2029,280,82.54678600488202,11.391375101708705,1.4,2458
36005036400,Census Tract 364; Bronx County; New York,36,5,36400,857,64850.0,779,63,90.89848308051342,7.351225204200699,27.0,857
36005036501,Census Tract 365.01; Bronx County; New York,36,5,36501,1445,47739.0,1332,113,92.17993079584775,7.82006920415225,2.9,1445
36005036502,Census Tract 365.02; Bronx County; New York,36,5,36502,768,27110.0,658,107,85.67708333333334,13.932291666666666,6.7,768
36005036700,Census Tract 367; Bronx County; New York,36,5,36700,777,27465.0,718,59,92.4066924066924,7.5933075933075935,3.5,777
36005036800,Census Tract 368; Bronx County; New York,36,5,36800,624,65781.0,556,44,89.1025641025641,7.051282051282051,21.6,624
36005036901,Census Tract 369.01; Bronx County; New York,36,5,36901,763,16232.0,605,124,79.29226736566186,16.25163826998689,2.6,763
36005036902,Census Tract 369.02; Bronx County; New York,36,5,36902,850,36484.0,654,156,76.94117647058823,18.352941176470587,10.1,850
36005037000,Census Tract 370; Bronx County; New York,36,5,37000,735,108523.0,718,17,97.68707482993197,2.312925170068027,29.0,735
36005037100,Census Tract 371; Bronx County; New York,36,5,37100,1769,39932.0,1294,371,73.14867156585642,20.972300734878463,5.3,1769
36005037200,Census Tract 372; Bronx County; New York,36,5,37200,852,75224.0,778,27,91.31455399061032,3.169014084507042,12.2,852
36005037300,Census Tract 373; Bronx County; New York,36,5,37300,2382,50000.0,2054,227,86.23005877413938,9.529806884970613,6.3,2382
36005037400,Census Tract 374; Bronx County; New York,36,5,37400,1506,35785.0,1252,228,83.13413014608234,15.139442231075698,12.4,1506
36005037504,Census Tract 375.04; Bronx County; New York,36,5,37504,1560,40219.0,1449,68,92.88461538461539,4.358974358974359,6.0,1560
36005037600,Census Tract 376; Bronx County; New York,36,5,37600,767,60288.0,699,35,91.13428943937419,4.563233376792699,17.9,767
36005037800,Census Tract 378; Bronx County; New York,36,5,37800,1186,65964.0,1026,118,86.50927487352446,9.949409780775717,14.5,1186
36005037900,Census Tract 379; Bronx County; New York,36,5,37900,2212,50250.0,1904,308,86.07594936708861,13.924050632911392,3.8,2212
36005038000,Census Tract 380; Bronx County; New York,36,5,38000,2114,48073.0,1874,178,88.64711447492904,8.420056764427624,15.0,2114
36005038100,Census Tract 381; Bronx County; New York,36,5,38100,2726,42015.0,2344,322,85.98679383712398,11.812179016874541,1.1,2726
36005038200,Census Tract 382; Bronx County; New York,36,5,38200,967,83125.0,866,84,89.55532574974147,8.686659772492245,25.7,967
36005038301,Census Tract 383.01; Bronx County; New York,36,5,38301,1601,44040.0,1411,98,88.13241723922548,6.121174266083697,1.0,1601
36005038303,Census Tract 383.03; Bronx County; New York,36,5,38303,1237,45258.0,1118,119,90.37995149555375,9.62004850444624,2.8,1237
36005038304,Census Tract 383.04; Bronx County; New York,36,5,38304,844,26842.0,762,82,90.28436018957346,9.715639810426541,2.2,844
36005038500,Census Tract 385; Bronx County; New York,36,5,38500,1884,13554.0,1452,334,77.07006369426752,17.72823779193206,5.6,1884
36005038600,Census Tract 386; Bronx County; New York,36,5,38600,2869,68481.0,2629,153,91.63471592889508,5.3328685953293835,45.2,2869
36005038700,Census Tract 387; Bronx County; New York,36,5,38700,1481,44982.0,1301,180,87.84604996623902,12.153950033760973,1.6,1481
36005038800,Census Tract 388; Bronx County; New York,36,5,38800,990,61000.0,820,105,82.82828282828282,10.606060606060606,28.4,990
36005038900,Census Tract 389; Bronx County; New York,36,5,38900,1954,46471.0,1782,110,91.19754350051177,5.629477993858751,1.4,1954
36005039000,Census Tract 390; Bronx County; New York,36,5,39000,1104,56563.0,1052,18,95.28985507246377,1.6304347826086956,26.3,1104
36005039100,Census Tract 391; Bronx County; New York,36,5,39100,3026,34663.0,2819,137,93.15928618638468,4.527428949107732,0.4,3026
36005039200,Census Tract 392; Bronx County; New York,36,5,39200,634,67917.0,572,62,90.22082018927445,9.779179810725552,15.6,634
36005039300,Census Tract 393; Bronx County; New York,36,5,39300,3092,27776.0,2733,301,88.38939197930142,9.734799482535577,4.8,3092
36005039400,Census Tract 394; Bronx County; New York,36,5,39400,1701,60373.0,1384,183,81.3639035861258,10.758377425044092,22.9,1701
36005039500,Census Tract 395; Bronx County; New York,36,5,39500,1821,21674.0,1659,136,91.10378912685337,7.468423942888523,6.5,1821
36005039600,Census Tract 396; Bronx County; New York,36,5,39600,1436,48798.0,1223,91,85.16713091922006,6.337047353760446,27.2,1436
36005039700,Census Tract 397; Bronx County; New York,36,5,39700,521,31964.0,421,53,80.80614203454894,10.17274472168906,1.6,521
36005039800,Census Tract 398; Bronx County; New York,36,5,39800,1251,28491.0,1065,169,85.13189448441247,13.509192645883294,23.7,1251
36005039901,Census Tract 399.01; Bronx County; New York,36,5,39901,1678,43503.0,1474,169,87.84266984505363,10.071513706793803,2.4,1678
36005039902,Census Tract 399.02; Bronx County; New York,36,5,39902,1727,43491.0,1565,42,90.61957151129126,2.4319629415170816,4.8,1727
36005040100,Census Tract 401; Bronx County; New York,36,5,40100,2172,28649.0,2093,79,96.36279926335175,3.6372007366482504,3.5,2172
36005040302,Census Tract 403.02; Bronx County; New York,36,5,40302,1581,37756.0,1495,69,94.56040480708413,4.364326375711575,0.5,1581
36005040303,Census Tract 403.03; Bronx County; New York,36,5,40303,1375,42750.0,1309,66,95.19999999999999,4.8,2.0,1375
36005040304,Census Tract 403.04; Bronx County; New York,36,5,40304,1267,36913.0,1214,48,95.81689029202842,3.7884767166535127,6.9,1267
36005040400,Census Tract 404; Bronx County; New York,36,5,40400,1123,65451.0,880,129,78.36153161175423,11.487088156723063,34.3,1123
36005040501,Census Tract 405.01; Bronx County; New York,36,5,40501,1325,42386.0,1056,179,79.69811320754717,13.50943396226415,0.0,1325
36005040502,Census Tract 405.02; Bronx County; New York,36,5,40502,2461,38884.0,2328,133,94.5956928078017,5.404307192198293,0.5,2461
36005040600,Census Tract 406; Bronx County; New York,36,5,40600,1413,48857.0,1068,174,75.58386411889597,12.314225053078557,27.9,1413
36005040701,Census Tract 407.01; Bronx County; New York,36,5,40701,1205,46188.0,1149,56,95.35269709543569,4.647302904564316,0.3,1205
36005040702,Census Tract 407.02; Bronx County; New York,36,5,40702,2801,33946.0,2392,301,85.39807211710104,10.746162084969654,1.1,2801
36005040800,Census Tract 408; Bronx County; New York,36,5,40800,1467,41555.0,1252,132,85.34423994546694,8.997955010224949,21.7,1467
36005040900,Census Tract 409; Bronx County; New York,36,5,40900,1409,67793.0,1257,127,89.21220723917672,9.013484740951029,3.6,1409
36005041100,Census Tract 411; Bronx County; New York,36,5,41100,1571,54219.0,1372,194,87.33290897517504,12.348822406110758,2.2,1571
36005041300,Census Tract 413; Bronx County; New York,36,5,41300,3199,60254.0,2841,181,88.80900281337918,5.658018130665833,1.9,3199
36005041400,Census Tract 414; Bronx County; New York,36,5,41400,1779,125302.0,1666,23,93.64811691961776,1.2928611579539067,17.3,1779
36005041500,Census Tract 415; Bronx County; New York,36,5,41500,2293,50579.0,2120,63,92.45529873528129,2.747492368076755,5.9,2293
36005041800,Census Tract 418; Bronx County; New York,36,5,41800,1289,62567.0,1111,92,86.19084561675717,7.137315748642359,11.4,1289
36005041900,Census Tract 419; Bronx County; New York,36,5,41900,2592,57079.0,2400,128,92.5925925925926,4.938271604938271,1.7,2592
36005042000,Census Tract 420; Bronx County; New York,36,5,42000,1711,31776.0,1472,187,86.03156049094098,10.929281122150789,30.0,1711
36005042100,Census Tract 421; Bronx County; New York,36,5,42100,2290,52824.0,2042,248,89.1703056768559,10.829694323144105,3.1,2290
36005042200,Census Tract 422; Bronx County; New York,36,5,42200,1292,75201.0,1121,171,86.76470588235294,13.23529411764706,30.4,1292
36005042300,Census Tract 423; Bronx County; New York,36,5,42300,1485,71422.0,1377,68,92.72727272727272,4.57912457912458,4.5,1485
36005042400,Census Tract 424; Bronx County; New York,36,5,42400,760,106468.0,627,39,82.5,5.131578947368421,26.0,760
36005042500,Census Tract 425; Bronx County; New York,36,5,42500,2369,48280.0,1875,297,79.14731954411144,12.536935415787251,2.5,2369
36005042600,Census Tract 426; Bronx County; New York,36,5,42600,2165,99764.0,2023,82,93.44110854503465,3.787528868360277,35.1,2165
36005042800,Census Tract 428; Bronx County; New York,36,5,42800,809,168646.0,697,22,86.15574783683559,2.719406674907293,24.3,809
36005042901,Census Tract 429.01; Bronx County; New York,36,5,42901,1249,46779.0,1056,95,84.54763811048839,7.606084867894316,12.1,1249
36005042902,Census Tract 429.02; Bronx County; New York,36,5,42902,1599,44663.0,1397,137,87.36710444027517,8.567854909318324,2.2,1599
36005043000,Census Tract 430; Bronx County; New York,36,5,43000,1327,85074.0,1077,237,81.16051243406179,17.85983421250942,37.1,1327
36005043101,Census Tract 431.01; Bronx County; New York,36,5,43101,1833,40089.0,1568,158,85.54282596835789,8.61974904528096,3.0,1833
36005043102,Census Tract 431.02; Bronx County; New York,36,5,43102,1692,50926.0,1555,92,91.903073286052,5.4373522458628845,2.5,1692
36005043400,Census Tract 434; Bronx County; New York,36,5,43400,1597,76036.0,1360,185,85.15967438948027,11.58422041327489,26.5,1597
36005043501,Census Tract 435.01; Bronx County; New York,36,5,43501,446,,421,25,94.39461883408072,5.605381165919283,9.1,446
36005043502,Census Tract 435.02; Bronx County; New York,36,5,43502,0,,0,0,,,-666666666.0,0
36005043503,Census Tract 435.03; Bronx County; New York,36,5,43503,0,,0,0,,,-666666666.0,0
36005043600,Census Tract 436; Bronx County; New York,36,5,43600,753,84735.0,640,47,84.9933598937583,6.241699867197875,25.8,753
36005044200,Census Tract 442; Bronx County; New York,36,5,44200,1261,56434.0,1112,149,88.18398096748612,11.816019032513877,33.3,1261
36005044400,Census Tract 444; Bronx County; New York,36,5,44400,1424,89615.0,1240,133,87.07865168539325,9.339887640449438,27.0,1424
36005044800,Census Tract 448; Bronx County; New York,36,5,44800,713,104094.0,635,38,89.06030855539971,5.329593267882188,32.3,713
36005044901,Census Tract 449.01; Bronx County; New York,36,5,44901,910,91419.0,811,51,89.12087912087912,5.604395604395605,0.4,910
36005044902,Census Tract 449.02; Bronx County; New York,36,5,44902,973,99297.0,884,89,90.85303186022611,9.146968139773895,3.2,973
36005045101,Census Tract 451.01; Bronx County; New York,36,5,45101,1030,77246.0,957,63,92.91262135922331,6.116504854368932,0.0,1030
36005045102,Census Tract 451.02; Bronx County; New York,36,5,45102,966,99395.0,928,29,96.06625258799171,3.002070393374741,1.2,966
36005045600,Census Tract 456; Bronx County; New York,36,5,45600,1217,79386.0,1100,37,90.3861955628595,3.0402629416598193,9.0,1217
36005045800,Census Tract 458; Bronx County; New York,36,5,45800,2071,30453.0,1613,376,77.88507967165621,18.15548044422984,2.3,2071
36005046000,Census Tract 460; Bronx County; New York,36,5,46000,939,44355.0,829,72,88.28541001064963,7.667731629392971,34.2,939
36005046203,Census Tract 462.03; Bronx County; New York,36,5,46203,3104,40755.0,2217,630,71.42396907216495,20.29639175257732,14.4,3104
36005046204,Census Tract 462.04; Bronx County; New York,36,5,46204,2450,63652.0,2234,201,91.18367346938776,8.204081632653061,12.2,2450
36005046205,Census Tract 462.05; Bronx County; New York,36,5,46205,1840,75679.0,1671,49,90.81521739130434,2.6630434782608696,18.3,1840
36005046206,Census Tract 462.06; Bronx County; New York,36,5,46206,2040,67234.0,1525,389,74.75490196078431,19.06862745098039,25.6,2040
36005046207,Census Tract 462.07; Bronx County; New York,36,5,46207,2913,59838.0,2671,191,91.69241331960178,6.556814280810161,17.0,2913
36005046208,Census Tract 462.08; Bronx County; New York,36,5,46208,1403,87061.0,1395,8,99.42979330007128,0.5702066999287242,27.8,1403
36005046209,Census Tract 462.09; Bronx County; New York,36,5,46209,1410,30185.0,1194,126,84.68085106382979,8.936170212765958,10.0,1410
36005048401,Census Tract 484.01; Bronx County; New York,36,5,48401,1251,88862.0,1101,46,88.00959232613909,3.6770583533173458,18.8,1251
36005048402,Census Tract 484.02; Bronx County; New York,36,5,48402,0,,0,0,,,-666666666.0,0
36005050400,Census Tract 504; Bronx County; New York,36,5,50400,0,,0,0,,,-666666666.0,0
36005051601,Census Tract 516.01; Bronx County; New York,36,5,51601,1949,103125.0,1830,48,93.89430477167778,2.4628014366341713,0.0,1949
36005051602,Census Tract 516.02; Bronx County; New York,36,5,51602,0,,0,0,,,-666666666.0,0
36047000100,Census Tract 1; Kings County; New York,36,47,100,2594,178162.0,2443,135,94.17887432536624,5.20431765612953,1.1,2594
36047000200,Census Tract 2; Kings County; New York,36,47,200,383,79375.0,334,37,87.20626631853786,9.660574412532636,1.8,383
36047000301,Census Tract 3.01; Kings County; New York,36,47,301,2100,185128.0,1824,86,86.85714285714286,4.095238095238096,0.3,2100
36047000501,Census Tract 5.01; Kings County; New York,36,47,501,1958,141364.0,1801,136,91.98161389172625,6.945863125638406,0.6,1958
36047000502,Census Tract 5.02; Kings County; New York,36,47,502,1498,168013.0,1436,32,95.86114819759679,2.1361815754339117,0.0,1498
36047000700,Census Tract 7; Kings County; New York,36,47,700,2043,201827.0,2022,0,98.97209985315712,0.0,1.6,2043
36047000900,Census Tract 9; Kings County; New York,36,47,900,2408,205500.0,2375,0,98.62956810631229,0.0,0.0,2408
36047001100,Census Tract 11; Kings County; New York,36,47,1100,859,203958.0,856,3,99.65075669383003,0.3492433061699651,1.8,859
36047001300,Census Tract 13; Kings County; New York,36,47,1300,1395,139866.0,1304,28,93.47670250896057,2.007168458781362,3.8,1395
36047001501,Census Tract 15.01; Kings County; New York,36,47,1501,2159,142560.0,2007,54,92.95970356646596,2.5011579434923576,4.4,2159
36047001502,Census Tract 15.02; Kings County; New York,36,47,1502,2990,138179.0,2990,0,100.0,0.0,4.2,2990
36047001801,Census Tract 18.01; Kings County; New York,36,47,1801,0,,0,0,,,0.6,0
36047001802,Census Tract 18.02; Kings County; New York,36,47,1802,0,,0,0,,,-666666666.0,0
36047001803,Census Tract 18.03; Kings County; New York,36,47,1803,0,,0,0,,,0.0,0
36047001804,Census Tract 18.04; Kings County; New York,36,47,1804,0,,0,0,,,-666666666.0,0
36047002000,Census Tract 20; Kings County; New York,36,47,2000,407,81458.0,361,35,88.6977886977887,8.5995085995086,0.0,407
36047002100,Census Tract 21; Kings County; New York,36,47,2100,2800,250001.0,2800,0,100.0,0.0,3.7,2800
36047002200,Census Tract 22; Kings County; New York,36,47,2200,1592,41852.0,1351,183,84.86180904522614,11.49497487437186,0.8,1592
36047002300,Census Tract 23; Kings County; New York,36,47,2300,1475,34977.0,1031,321,69.89830508474576,21.762711864406782,1.7,1475
36047002901,Census Tract 29.01; Kings County; New York,36,47,2901,1337,22855.0,1013,283,75.76664173522812,21.16679132385939,2.4,1337
36047003000,Census Tract 30; Kings County; New York,36,47,3000,771,130473.0,734,37,95.20103761348896,4.798962386511025,0.2,771
36047003101,Census Tract 31.01; Kings County; New York,36,47,3101,1748,158500.0,1681,67,96.16704805491992,3.8329519450800915,5.6,1748
36047003102,Census Tract 31.02; Kings County; New York,36,47,3102,0,,0,0,,,-666666666.0,0
36047003300,Census Tract 33; Kings County; New York,36,47,3300,2507,136217.0,2406,50,95.97128041483846,1.9944156362185879,3.7,2507
36047003400,Census Tract 34; Kings County; New York,36,47,3400,1525,113143.0,1404,91,92.06557377049181,5.967213114754098,0.0,1525
36047003500,Census Tract 35; Kings County; New York,36,47,3500,1167,123417.0,1098,43,94.08740359897172,3.6846615252784916,7.7,1167
36047003600,Census Tract 36; Kings County; New York,36,47,3600,1934,91583.0,1798,136,92.96794208893485,7.0320579110651495,2.9,1934
36047003700,Census Tract 37; Kings County; New York,36,47,3700,2727,181404.0,2710,0,99.37660432709937,0.0,0.0,2727
36047003800,Census Tract 38; Kings County; New York,36,47,3800,596,135313.0,587,9,98.48993288590604,1.5100671140939599,0.0,596
36047003900,Census Tract 39; Kings County; New York,36,47,3900,1320,187273.0,1224,53,92.72727272727272,4.015151515151516,2.2,1320
36047004100,Census Tract 41; Kings County; New York,36,47,4100,1387,229002.0,1341,17,96.68348954578227,1.225666906993511,0.5,1387
36047004300,Census Tract 43; Kings County; New York,36,47,4300,1964,161875.0,1878,77,95.62118126272912,3.920570264765784,0.9,1964
36047004400,Census Tract 44; Kings County; New York,36,47,4400,922,142143.0,845,61,91.64859002169197,6.616052060737528,0.7,922
36047004500,Census Tract 45; Kings County; New York,36,47,4500,1692,189833.0,1666,0,98.46335697399527,0.0,3.0,1692
36047004600,Census Tract 46; Kings County; New York,36,47,4600,512,134773.0,469,8,91.6015625,1.5625,0.0,512
36047004700,Census Tract 47; Kings County; New York,36,47,4700,849,145341.0,812,32,95.64193168433451,3.769140164899882,3.5,849
36047004900,Census Tract 49; Kings County; New York,36,47,4900,1056,166667.0,1056,0,100.0,0.0,1.5,1056
36047005000,Census Tract 50; Kings County; New York,36,47,5000,1069,134013.0,1011,58,94.57436856875586,5.425631431244153,2.8,1069
36047005100,Census Tract 51; Kings County; New York,36,47,5100,1008,178913.0,995,0,98.71031746031747,0.0,0.0,1008
36047005201,Census Tract 52.01; Kings County; New York,36,47,5201,968,40789.0,755,159,77.99586776859503,16.425619834710744,1.4,968
36047005202,Census Tract 52.02; Kings County; New York,36,47,5202,1496,107143.0,1408,88,94.11764705882352,5.88235294117647,0.0,1496
36047005301,Census Tract 53.01; Kings County; New York,36,47,5301,920,126071.0,888,32,96.52173913043478,3.4782608695652173,10.4,920
36047005302,Census Tract 53.02; Kings County; New York,36,47,5302,45,139609.0,45,0,100.0,0.0,0.0,45
36047005303,Census Tract 53.03; Kings County; New York,36,47,5303,67,203750.0,67,0,100.0,0.0,0.0,67
36047005400,Census Tract 54; Kings County; New York,36,47,5400,1751,85342.0,1530,214,87.37864077669903,12.22158766419189,5.8,1751
36047005601,Census Tract 56.01; Kings County; New York,36,47,5601,1451,104598.0,1325,41,91.31633356305996,2.8256374913852516,1.4,1451
36047005602,Census Tract 56.02; Kings County; New York,36,47,5602,965,96397.0,871,87,90.25906735751296,9.015544041450777,0.5,965
36047005800,Census Tract 58; Kings County; New York,36,47,5800,1459,77648.0,1350,99,92.52912954078135,6.7854694996572995,0.0,1459
36047005900,Census Tract 59; Kings County; New York,36,47,5900,633,110288.0,572,37,90.36334913112164,5.845181674565561,1.1,633
36047006000,Census Tract 60; Kings County; New York,36,47,6000,969,88542.0,792,116,81.73374613003097,11.97110423116615,0.0,969
36047006200,Census Tract 62; Kings County; New York,36,47,6200,1098,83500.0,1073,25,97.72313296903461,2.2768670309653913,0.0,1098
36047006300,Census Tract 63; Kings County; New York,36,47,6300,874,188519.0,861,13,98.51258581235697,1.4874141876430207,1.5,874
36047006400,Census Tract 64; Kings County; New York,36,47,6400,1460,98846.0,1283,78,87.87671232876713,5.342465753424658,0.0,1460
36047006500,Census Tract 65; Kings County; New York,36,47,6500,2456,202355.0,2394,62,97.47557003257329,2.5244299674267103,1.0,2456
36047006600,Census Tract 66; Kings County; New York,36,47,6600,1714,98158.0,1639,66,95.6242707117853,3.8506417736289387,0.0,1714
36047006700,Census Tract 67; Kings County; New York,36,47,6700,1587,214931.0,1422,33,89.60302457466919,2.0793950850661624,3.2,1587
36047006800,Census Tract 68; Kings County; New York,36,47,6800,1637,80938.0,1524,79,93.09712889431889,4.825901038485034,5.4,1637
36047006901,Census Tract 69.01; Kings County; New York,36,47,6901,807,149936.0,787,20,97.52168525402726,2.478314745972739,0.6,807
36047006902,Census Tract 69.02; Kings County; New York,36,47,6902,826,226136.0,815,11,98.6682808716707,1.331719128329298,0.6,826
36047007000,Census Tract 70; Kings County; New York,36,47,7000,1210,87198.0,1042,119,86.11570247933884,9.834710743801653,3.6,1210
36047007100,Census Tract 71; Kings County; New York,36,47,7100,1631,53786.0,1223,278,74.98467198038014,17.04475781729001,2.0,1631
36047007200,Census Tract 72; Kings County; New York,36,47,7200,570,64000.0,512,58,89.82456140350877,10.175438596491228,0.5,570
36047007400,Census Tract 74; Kings County; New York,36,47,7400,1568,73454.0,1455,88,92.79336734693877,5.612244897959184,0.7,1568
36047007500,Census Tract 75; Kings County; New York,36,47,7500,2101,169375.0,2101,0,100.0,0.0,0.0,2101
36047007600,Census Tract 76; Kings County; New York,36,47,7600,1280,73681.0,1095,162,85.546875,12.65625,0.0,1280
36047007700,Census Tract 77; Kings County; New York,36,47,7700,2901,212827.0,2742,159,94.51913133402276,5.4808686659772485,0.0,2901
36047007800,Census Tract 78; Kings County; New York,36,47,7800,1387,79981.0,1274,106,91.85291997116077,7.642393655371304,1.4,1387
36047008000,Census Tract 80; Kings County; New York,36,47,8000,1458,71250.0,1208,145,82.85322359396433,9.945130315500686,0.8,1458
36047008200,Census Tract 82; Kings County; New York,36,47,8200,1476,53500.0,1241,210,84.07859078590786,14.227642276422763,3.1,1476
36047008400,Census Tract 84; Kings County; New York,36,47,8400,1064,116100.0,1031,18,96.8984962406015,1.6917293233082706,0.2,1064
36047008500,Census Tract 85; Kings County; New York,36,47,8500,2995,27854.0,2369,376,79.09849749582638,12.554257095158597,10.1,2995
36047008600,Census Tract 86; Kings County; New York,36,47,8600,0,,0,0,,,-666666666.0,0
36047008800,Census Tract 88; Kings County; New York,36,47,8800,1193,95707.0,1079,101,90.44425817267393,8.466051969823972,0.0,1193
36047009001,Census Tract 90.01; Kings County; New York,36,47,9001,472,45945.0,430,20,91.10169491525424,4.23728813559322,0.0,472
36047009002,Census Tract 90.02; Kings County; New York,36,47,9002,397,62225.0,354,43,89.16876574307305,10.831234256926953,6.2,397
36047009201,Census Tract 92.01; Kings County; New York,36,47,9201,586,83824.0,555,31,94.7098976109215,5.290102389078498,0.4,586
36047009202,Census Tract 92.02; Kings County; New York,36,47,9202,1019,53641.0,946,73,92.8361138370952,7.163886162904809,0.0,1019
36047009401,Census Tract 94.01; Kings County; New York,36,47,9401,499,49620.0,431,59,86.37274549098196,11.823647294589177,0.8,499
36047009402,Census Tract 94.02; Kings County; New York,36,47,9402,937,85929.0,881,56,94.02347918890075,5.9765208110992525,0.0,937
36047009600,Census Tract 96; Kings County; New York,36,47,9600,1932,83664.0,1742,125,90.1656314699793,6.469979296066253,0.0,1932
36047009800,Census Tract 98; Kings County; New York,36,47,9800,1835,60679.0,1527,232,83.21525885558583,12.643051771117166,0.4,1835
36047010000,Census Tract 100; Kings County; New York,36,47,10000,1840,57881.0,1654,144,89.89130434782608,7.82608695652174,0.0,1840
36047010100,Census Tract 101; Kings County; New York,36,47,10100,1579,136705.0,1473,79,93.28689043698543,5.00316656111463,1.3,1579
36047010200,Census Tract 102; Kings County; New York,36,47,10200,1297,65668.0,1214,83,93.6006168080185,6.399383191981496,0.5,1297
36047010401,Census Tract 104.01; Kings County; New York,36,47,10401,607,56875.0,487,111,80.23064250411862,18.28665568369028,0.8,607
36047010402,Census Tract 104.02; Kings County; New York,36,47,10402,704,40255.0,638,58,90.625,8.238636363636363,2.3,704
36047010601,Census Tract 106.01; Kings County; New York,36,47,10601,562,45106.0,428,62,76.15658362989323,11.032028469750891,0.0,562
36047010602,Census Tract 106.02; Kings County; New York,36,47,10602,610,65372.0,525,85,86.0655737704918,13.934426229508196,0.0,610
36047010801,Census Tract 108.01; Kings County; New York,36,47,10801,564,66143.0,449,110,79.60992907801419,19.50354609929078,0.0,564
36047010802,Census Tract 108.02; Kings County; New York,36,47,10802,679,69479.0,582,97,85.71428571428571,14.285714285714285,0.9,679
36047011000,Census Tract 110; Kings County; New York,36,47,11000,650,86932.0,615,35,94.61538461538461,5.384615384615385,0.0,650
36047011200,Census Tract 112; Kings County; New York,36,47,11200,2096,60348.0,1274,756,60.782442748091604,36.06870229007634,0.8,2096
36047011400,Census Tract 114; Kings County; New York,36,47,11400,864,74063.0,694,170,80.32407407407408,19.675925925925927,2.0,864
36047011600,Census Tract 116; Kings County; New York,36,47,11600,1058,65551.0,947,106,89.5085066162571,10.01890359168242,1.3,1058
36047011700,Census Tract 117; Kings County; New York,36,47,11700,1251,153348.0,1211,40,96.80255795363709,3.1974420463629096,0.5,1251
36047011800,Census Tract 118; Kings County; New York,36,47,11800,644,62273.0,548,63,85.09316770186336,9.782608695652174,0.0,644
36047011901,Census Tract 119.01; Kings County; New York,36,47,11901,576,165179.0,552,20,95.83333333333334,3.4722222222222223,2.3,576
36047011902,Census Tract 119.02; Kings County; New York,36,47,11902,0,,0,0,,,-666666666.0,0
36047012000,Census Tract 120; Kings County; New York,36,47,12000,341,72987.0,327,14,95.89442815249268,4.105571847507331,1.1,341
36047012100,Census Tract 121; Kings County; New York,36,47,12100,950,130357.0,931,19,98.0,2.0,1.1,950
36047012200,Census Tract 122; Kings County; New York,36,47,12200,1466,54071.0,1356,93,92.49658935879945,6.343792633015006,1.3,1466
36047012600,Census Tract 126; Kings County; New York,36,47,12600,892,81477.0,782,54,87.66816143497758,6.053811659192825,2.2,892
36047012700,Census Tract 127; Kings County; New York,36,47,12700,1788,63750.0,1446,177,80.87248322147651,9.899328859060402,9.2,1788
36047012801,Census Tract 128.01; Kings County; New York,36,47,12801,754,74306.0,659,70,87.40053050397879,9.283819628647215,0.0,754
36047012901,Census Tract 129.01; Kings County; New York,36,47,12901,1030,250001.0,998,32,96.89320388349515,3.1067961165048543,2.7,1030
36047012902,Census Tract 129.02; Kings County; New York,36,47,12902,1902,183510.0,1774,31,93.27024185068349,1.6298633017875919,2.9,1902
36047013000,Census Tract 130; Kings County; New York,36,47,13000,1799,78942.0,1735,27,96.44246803779878,1.500833796553641,1.1,1799
36047013100,Census Tract 131; Kings County; New York,36,47,13100,1787,107083.0,1725,62,96.53049804141018,3.469501958589815,1.5,1787
36047013200,Census Tract 132; Kings County; New York,36,47,13200,722,81429.0,661,61,91.55124653739612,8.448753462603879,2.6,722
36047013300,Census Tract 133; Kings County; New York,36,47,13300,1807,201298.0,1793,0,99.22523519645821,0.0,0.7,1807
36047013400,Census Tract 134; Kings County; New York,36,47,13400,1398,99886.0,1277,99,91.3447782546495,7.081545064377683,0.5,1398
36047013500,Census Tract 135; Kings County; New York,36,47,13500,1591,221920.0,1562,20,98.17724701445631,1.257071024512885,1.0,1591
36047013600,Census Tract 136; Kings County; New York,36,47,13600,1560,88182.0,1500,60,96.15384615384616,3.8461538461538463,2.4,1560
36047013700,Census Tract 137; Kings County; New York,36,47,13700,1498,170600.0,1413,26,94.32576769025367,1.7356475300400533,0.4,1498
36047013800,Census Tract 138; Kings County; New York,36,47,13800,1253,112703.0,1231,22,98.24421388667199,1.7557861133280128,3.4,1253
36047013900,Census Tract 139; Kings County; New York,36,47,13900,1430,173378.0,1396,8,97.62237762237763,0.5594405594405595,3.3,1430
36047014000,Census Tract 140; Kings County; New York,36,47,14000,692,61111.0,679,6,98.121387283237,0.8670520231213872,0.3,692
36047014101,Census Tract 141.01; Kings County; New York,36,47,14101,535,215104.0,526,0,98.3177570093458,0.0,1.5,535
36047014102,Census Tract 141.02; Kings County; New York,36,47,14102,906,113750.0,834,64,92.05298013245033,7.06401766004415,0.9,906
36047014200,Census Tract 142; Kings County; New York,36,47,14200,1264,81250.0,1189,29,94.06645569620254,2.2943037974683547,1.0,1264
36047014300,Census Tract 143; Kings County; New York,36,47,14300,1423,119594.0,1423,0,100.0,0.0,1.3,1423
36047014500,Census Tract 145; Kings County; New York,36,47,14500,1878,117800.0,1859,19,98.98828541001065,1.0117145899893505,3.4,1878
36047014700,Census Tract 147; Kings County; New York,36,47,14700,857,162847.0,845,7,98.59976662777129,0.8168028004667445,0.4,857
36047014800,Census Tract 148; Kings County; New York,36,47,14800,407,88787.0,378,26,92.87469287469288,6.388206388206388,0.0,407
36047014901,Census Tract 149.01; Kings County; New York,36,47,14901,635,166161.0,635,0,100.0,0.0,5.6,635
36047014902,Census Tract 149.02; Kings County; New York,36,47,14902,1872,171346.0,1872,0,100.0,0.0,0.7,1872
36047015000,Census Tract 150; Kings County; New York,36,47,15000,543,63594.0,535,8,98.52670349907919,1.4732965009208103,0.0,543
36047015100,Census Tract 151; Kings County; New York,36,47,15100,1763,188866.0,1695,22,96.14293817356779,1.2478729438457177,0.0,1763
36047015200,Census Tract 152; Kings County; New York,36,47,15200,883,92454.0,805,73,91.1664779161948,8.267270668176671,0.2,883
36047015300,Census Tract 153; Kings County; New York,36,47,15300,1196,154286.0,1062,122,88.79598662207357,10.200668896321071,0.0,1196
36047015400,Census Tract 154; Kings County; New York,36,47,15400,0,,0,0,,,-666666666.0,0
36047015500,Census Tract 155; Kings County; New York,36,47,15500,1436,206176.0,1425,11,99.23398328690809,0.766016713091922,0.0,1436
36047015700,Census Tract 157; Kings County; New York,36,47,15700,2109,209940.0,2093,0,99.24134660976766,0.0,1.4,2109
36047015900,Census Tract 159; Kings County; New York,36,47,15900,2613,201858.0,2536,77,97.05319556065824,2.9468044393417525,3.0,2613
36047016000,Census Tract 160; Kings County; New York,36,47,16000,1853,83920.0,1645,192,88.77495952509445,10.361575822989746,0.7,1853
36047016100,Census Tract 161; Kings County; New York,36,47,16100,1592,172234.0,1575,9,98.9321608040201,0.5653266331658292,1.0,1592
36047016200,Census Tract 162; Kings County; New York,36,47,16200,1106,100278.0,984,112,88.96925858951175,10.126582278481013,0.6,1106
36047016300,Census Tract 163; Kings County; New York,36,47,16300,1988,196630.0,1954,24,98.28973843058351,1.2072434607645874,3.2,1988
36047016400,Census Tract 164; Kings County; New York,36,47,16400,173,106875.0,173,0,100.0,0.0,0.0,173
36047016500,Census Tract 165; Kings County; New York,36,47,16500,2387,250001.0,2253,25,94.38625890238794,1.0473397570171765,1.0,2387
36047016600,Census Tract 166; Kings County; New York,36,47,16600,709,114635.0,685,4,96.61495063469675,0.5641748942172073,0.0,709
36047016700,Census Tract 167; Kings County; New York,36,47,16700,2191,190125.0,2114,77,96.48562300319489,3.5143769968051117,1.0,2191
36047016800,Census Tract 168; Kings County; New York,36,47,16800,761,118341.0,737,17,96.84625492772668,2.2339027595269383,0.0,761
36047016900,Census Tract 169; Kings County; New York,36,47,16900,2005,140727.0,1906,33,95.06234413965086,1.6458852867830425,0.0,2005
36047017000,Census Tract 170; Kings County; New York,36,47,17000,1152,102417.0,1078,56,93.57638888888889,4.861111111111112,0.0,1152
36047017100,Census Tract 171; Kings County; New York,36,47,17100,1627,174646.0,1580,47,97.11124769514444,2.8887523048555623,0.0,1627
36047017200,Census Tract 172; Kings County; New York,36,47,17200,946,136096.0,865,39,91.43763213530656,4.12262156448203,0.0,946
36047017400,Census Tract 174; Kings County; New York,36,47,17400,721,103594.0,662,59,91.81692094313453,8.183079056865465,1.0,721
36047017500,Census Tract 175; Kings County; New York,36,47,17500,0,,0,0,,,-666666666.0,0
36047017600,Census Tract 176; Kings County; New York,36,47,17600,838,90833.0,782,56,93.31742243436753,6.682577565632458,0.0,838
36047017700,Census Tract 177; Kings County; New York,36,47,17700,0,,0,0,,,-666666666.0,0
36047017800,Census Tract 178; Kings County; New York,36,47,17800,844,91923.0,781,33,92.53554502369668,3.909952606635071,0.4,844
36047017900,Census Tract 179; Kings County; New York,36,47,17900,1414,103836.0,1184,108,83.73408769448373,7.637906647807638,5.0,1414
36047018000,Census Tract 180; Kings County; New York,36,47,18000,971,59936.0,916,47,94.33573635427395,4.840370751802266,0.0,971
36047018100,Census Tract 181; Kings County; New York,36,47,18100,2158,175294.0,1983,44,91.89063948100092,2.0389249304911954,7.5,2158
36047018200,Census Tract 182; Kings County; New York,36,47,18200,1159,78750.0,1038,111,89.55996548748921,9.577221742881795,0.0,1159
36047018300,Census Tract 183; Kings County; New York,36,47,18300,1365,194519.0,1355,0,99.26739926739927,0.0,2.7,1365
36047018400,Census Tract 184; Kings County; New York,36,47,18400,723,81467.0,692,23,95.71230982019364,3.18118948824343,3.3,723
36047018501,Census Tract 185.01; Kings County; New York,36,47,18501,1719,44877.0,1436,77,83.53694008144271,4.47934845840605,4.9,1719
36047018600,Census Tract 186; Kings County; New York,36,47,18600,618,76667.0,592,20,95.79288025889967,3.2362459546925564,0.0,618
36047018700,Census Tract 187; Kings County; New York,36,47,18700,550,139231.0,542,8,98.54545454545455,1.4545454545454546,11.9,550
36047018800,Census Tract 188; Kings County; New York,36,47,18800,1081,38227.0,977,104,90.37927844588344,9.620721554116558,0.0,1081
36047019000,Census Tract 190; Kings County; New York,36,47,19000,1600,48824.0,1457,119,91.0625,7.4375,0.0,1600
36047019100,Census Tract 191; Kings County; New York,36,47,19100,1282,148929.0,1188,29,92.66770670826833,2.2620904836193447,4.6,1282
36047019200,Census Tract 192; Kings County; New York,36,47,19200,737,72303.0,604,133,81.9538670284939,18.046132971506108,0.0,737
36047019300,Census Tract 193; Kings County; New York,36,47,19300,2626,79505.0,2486,121,94.66869763899467,4.607768469154608,5.4,2626
36047019400,Census Tract 194; Kings County; New York,36,47,19400,1159,66080.0,1031,106,88.95599654874891,9.1458153580673,0.2,1159
36047019500,Census Tract 195; Kings County; New York,36,47,19500,1871,139329.0,1820,51,97.27418492784608,2.7258150721539285,2.4,1871
36047019600,Census Tract 196; Kings County; New York,36,47,19600,1397,74292.0,1252,145,89.62061560486757,10.379384395132426,0.0,1397
36047019700,Census Tract 197; Kings County; New York,36,47,19700,1797,121235.0,1736,34,96.60545353366722,1.8920422927100722,2.8,1797
36047019800,Census Tract 198; Kings County; New York,36,47,19800,650,78673.0,574,60,88.3076923076923,9.230769230769232,0.1,650
36047019900,Census Tract 199; Kings County; New York,36,47,19900,2401,130688.0,2391,0,99.58350687213661,0.0,8.8,2401
36047020000,Census Tract 200; Kings County; New York,36,47,20000,666,98214.0,631,22,94.74474474474475,3.303303303303303,0.2,666
36047020100,Census Tract 201; Kings County; New York,36,47,20100,1914,150978.0,1902,0,99.37304075235109,0.0,12.0,1914
36047020200,Census Tract 202; Kings County; New York,36,47,20200,630,79643.0,625,5,99.20634920634922,0.7936507936507936,0.0,630
36047020300,Census Tract 203; Kings County; New York,36,47,20300,963,160795.0,862,89,89.51194184839044,9.241952232606438,4.3,963
36047020400,Census Tract 204; Kings County; New York,36,47,20400,704,143162.0,649,55,92.1875,7.8125,0.0,704
36047020500,Census Tract 205; Kings County; New York,36,47,20500,1586,164926.0,1586,0,100.0,0.0,1.3,1586
36047020600,Census Tract 206; Kings County; New York,36,47,20600,799,87446.0,783,16,97.99749687108886,2.002503128911139,0.0,799
36047020700,Census Tract 207; Kings County; New York,36,47,20700,2343,190843.0,2315,0,98.80495091762698,0.0,2.1,2343
36047020800,Census Tract 208; Kings County; New York,36,47,20800,1079,65491.0,985,73,91.28822984244671,6.765523632993513,0.0,1079
36047021000,Census Tract 210; Kings County; New York,36,47,21000,1121,69970.0,1038,58,92.59589652096342,5.173951828724353,0.0,1121
36047021100,Census Tract 211; Kings County; New York,36,47,21100,1137,85225.0,976,44,85.83992963940193,3.8698328935795954,6.5,1137
36047021200,Census Tract 212; Kings County; New York,36,47,21200,1214,56250.0,1150,27,94.72817133443164,2.224052718286656,0.6,1214
36047021300,Census Tract 213; Kings County; New York,36,47,21300,2041,82426.0,1871,145,91.67074963253307,7.1043606075453205,18.6,2041
36047021400,Census Tract 214; Kings County; New York,36,47,21400,528,78214.0,388,140,73.48484848484848,26.515151515151516,0.0,528
36047021500,Census Tract 215; Kings County; New York,36,47,21500,2771,151154.0,2536,211,91.5193071093468,7.6145795741609525,7.7,2771
36047021600,Census Tract 216; Kings County; New York,36,47,21600,976,47950.0,649,315,66.49590163934425,32.27459016393443,0.0,976
36047021700,Census Tract 217; Kings County; New York,36,47,21700,1937,112957.0,1681,184,86.78368611254518,9.499225606608157,6.3,1937
36047021800,Census Tract 218; Kings County; New York,36,47,21800,813,69291.0,541,272,66.54366543665436,33.456334563345635,0.0,813
36047021900,Census Tract 219; Kings County; New York,36,47,21900,1943,122589.0,1828,69,94.08131755018013,3.551209469891919,18.8,1943
36047022000,Census Tract 220; Kings County; New York,36,47,22000,1295,59395.0,736,459,56.83397683397683,35.44401544401544,0.0,1295
36047022100,Census Tract 221; Kings County; New York,36,47,22100,1680,87021.0,1470,210,87.5,12.5,14.0,1680
36047022200,Census Tract 222; Kings County; New York,36,47,22200,1099,52361.0,676,344,61.51046405823476,31.301182893539583,1.4,1099
36047022400,Census Tract 224; Kings County; New York,36,47,22400,1201,56105.0,736,405,61.282264779350534,33.72189841798502,0.0,1201
36047022600,Census Tract 226; Kings County; New York,36,47,22600,543,86655.0,386,135,71.08655616942909,24.861878453038674,0.0,543
36047022700,Census Tract 227; Kings County; New York,36,47,22700,2167,119148.0,2033,110,93.81633594831564,5.0761421319796955,12.8,2167
36047022800,Census Tract 228; Kings County; New York,36,47,22800,763,55898.0,511,219,66.97247706422019,28.70249017038008,0.1,763
36047022900,Census Tract 229; Kings County; New York,36,47,22900,1679,139609.0,1624,16,96.72424061941632,0.9529481834425254,8.4,1679
36047023000,Census Tract 230; Kings County; New York,36,47,23000,1024,32725.0,657,345,64.16015625,33.69140625,0.0,1024
36047023100,Census Tract 231; Kings County; New York,36,47,23100,1773,160199.0,1629,124,91.87817258883248,6.993795826283137,7.0,1773
36047023200,Census Tract 232; Kings County; New York,36,47,23200,1418,63094.0,918,488,64.73906911142454,34.41466854724965,0.5,1418
36047023300,Census Tract 233; Kings County; New York,36,47,23300,2211,78177.0,2030,136,91.81365897783809,6.1510628674807775,6.3,2211
36047023400,Census Tract 234; Kings County; New York,36,47,23400,1431,37587.0,834,583,58.280922431865825,40.74074074074074,0.0,1431
36047023500,Census Tract 235; Kings County; New York,36,47,23500,1557,111917.0,1254,274,80.53949903660886,17.597944765574823,1.1,1557
36047023600,Census Tract 236; Kings County; New York,36,47,23600,1491,39479.0,585,767,39.2354124748491,51.44198524480215,0.0,1491
36047023800,Census Tract 238; Kings County; New York,36,47,23800,1194,43843.0,655,539,54.85762144053601,45.142378559463985,0.4,1194
36047024000,Census Tract 240; Kings County; New York,36,47,24000,1420,37833.0,669,751,47.112676056338024,52.88732394366197,1.9,1420
36047024100,Census Tract 241; Kings County; New York,36,47,24100,1158,141717.0,1086,67,93.78238341968913,5.785837651122625,3.3,1158
36047024200,Census Tract 242; Kings County; New York,36,47,24200,737,59276.0,404,318,54.81682496607869,43.14789687924016,0.0,737
36047024300,Census Tract 243; Kings County; New York,36,47,24300,1934,122203.0,1622,288,83.86763185108583,14.891416752843847,2.5,1934
36047024400,Census Tract 244; Kings County; New York,36,47,24400,996,76417.0,805,180,80.82329317269075,18.072289156626507,0.0,996
36047024500,Census Tract 245; Kings County; New York,36,47,24500,1977,103194.0,1931,46,97.67324228629236,2.326757713707638,9.5,1977
36047024600,Census Tract 246; Kings County; New York,36,47,24600,836,71711.0,761,46,91.02870813397129,5.502392344497608,0.0,836
36047024700,Census Tract 247; Kings County; New York,36,47,24700,1382,57106.0,1339,43,96.88856729377714,3.1114327062228653,8.2,1382
36047024800,Census Tract 248; Kings County; New York,36,47,24800,779,79340.0,681,98,87.41976893453145,12.58023106546855,0.4,779
36047024900,Census Tract 249; Kings County; New York,36,47,24900,1966,84746.0,1797,93,91.40386571719226,4.730417090539166,15.0,1966
36047025000,Census Tract 250; Kings County; New York,36,47,25000,466,51250.0,414,52,88.8412017167382,11.158798283261802,0.0,466
36047025100,Census Tract 251; Kings County; New York,36,47,25100,1763,58856.0,1554,97,88.1452070334657,5.501985252410663,16.0,1763
36047025200,Census Tract 252; Kings County; New York,36,47,25200,1654,54012.0,1487,125,89.90326481257557,7.557436517533253,0.4,1654
36047025300,Census Tract 253; Kings County; New York,36,47,25300,1482,115700.0,1267,179,85.49257759784076,12.078272604588394,1.8,1482
36047025400,Census Tract 254; Kings County; New York,36,47,25400,1175,89021.0,1113,52,94.72340425531914,4.425531914893617,0.0,1175
36047025500,Census Tract 255; Kings County; New York,36,47,25500,2092,26906.0,1638,212,78.29827915869981,10.133843212237094,2.4,2092
36047025600,Census Tract 256; Kings County; New York,36,47,25600,1095,71250.0,1083,12,98.9041095890411,1.095890410958904,0.3,1095
36047025700,Census Tract 257; Kings County; New York,36,47,25700,946,88750.0,806,140,85.20084566596195,14.799154334038056,1.0,946
36047025800,Census Tract 258; Kings County; New York,36,47,25800,1312,67167.0,1196,103,91.15853658536585,7.850609756097561,0.0,1312
36047025901,Census Tract 259.01; Kings County; New York,36,47,25901,832,90000.0,703,129,84.4951923076923,15.504807692307693,9.1,832
36047025902,Census Tract 259.02; Kings County; New York,36,47,25902,1448,,1174,170,81.07734806629834,11.740331491712707,0.9,1448
36047026000,Census Tract 260; Kings County; New York,36,47,26000,1000,68043.0,902,98,90.2,9.8,1.7,1000
36047026100,Census Tract 261; Kings County; New York,36,47,26100,2457,103274.0,2227,149,90.63899063899063,6.064306064306065,5.3,2457
36047026200,Census Tract 262; Kings County; New York,36,47,26200,784,99750.0,724,60,92.3469387755102,7.653061224489796,3.0,784
36047026300,Census Tract 263; Kings County; New York,36,47,26300,939,85546.0,850,62,90.52183173588925,6.602768903088392,6.5,939
36047026400,Census Tract 264; Kings County; New York,36,47,26400,1534,69808.0,1427,66,93.02477183833116,4.3024771838331155,0.0,1534
36047026500,Census Tract 265; Kings County; New York,36,47,26500,1977,82088.0,1818,73,91.95751138088012,3.692463328275165,10.5,1977
36047026600,Census Tract 266; Kings County; New York,36,47,26600,1148,47544.0,1079,58,93.98954703832753,5.052264808362369,0.0,1148
36047026700,Census Tract 267; Kings County; New York,36,47,26700,1765,150386.0,1660,49,94.05099150141642,2.776203966005666,13.5,1765
36047026800,Census Tract 268; Kings County; New York,36,47,26800,1520,90442.0,1276,224,83.94736842105263,14.736842105263156,0.3,1520
36047026900,Census Tract 269; Kings County; New York,36,47,26900,1302,96006.0,1176,118,90.32258064516128,9.062980030721967,9.4,1302
36047027000,Census Tract 270; Kings County; New York,36,47,27000,876,62083.0,760,95,86.7579908675799,10.844748858447488,0.3,876
36047027100,Census Tract 271; Kings County; New York,36,47,27100,1610,84412.0,1498,102,93.04347826086956,6.3354037267080745,12.8,1610
36047027200,Census Tract 272; Kings County; New York,36,47,27200,1430,59802.0,1325,97,92.65734265734265,6.783216783216783,0.3,1430
36047027300,Census Tract 273; Kings County; New York,36,47,27300,1420,122093.0,1316,60,92.67605633802816,4.225352112676056,9.9,1420
36047027400,Census Tract 274; Kings County; New York,36,47,27400,988,49800.0,749,74,75.80971659919028,7.489878542510121,0.0,988
36047027500,Census Tract 275; Kings County; New York,36,47,27500,1791,84756.0,1709,35,95.4215522054718,1.954215522054718,5.5,1791
36047027600,Census Tract 276; Kings County; New York,36,47,27600,1294,63447.0,1178,96,91.03554868624421,7.418856259659969,0.0,1294
36047027700,Census Tract 277; Kings County; New York,36,47,27700,1660,61042.0,1560,100,93.97590361445783,6.024096385542169,9.9,1660
36047027800,Census Tract 278; Kings County; New York,36,47,27800,1130,68792.0,1015,92,89.82300884955751,8.141592920353983,1.9,1130
36047027900,Census Tract 279; Kings County; New York,36,47,27900,1692,91771.0,1632,33,96.45390070921985,1.950354609929078,8.4,1692
36047028000,Census Tract 280; Kings County; New York,36,47,28000,595,95208.0,518,69,87.05882352941177,11.596638655462185,0.2,595
36047028100,Census Tract 281; Kings County; New York,36,47,28100,1879,45850.0,1625,186,86.4821713677488,9.89888238424694,8.4,1879
36047028200,Census Tract 282; Kings County; New York,36,47,28200,1190,52926.0,1120,42,94.11764705882352,3.5294117647058822,0.0,1190
36047028300,Census Tract 283; Kings County; New York,36,47,28300,1584,53040.0,1341,207,84.6590909090909,13.068181818181818,5.0,1584
36047028400,Census Tract 284; Kings County; New York,36,47,28400,1445,59954.0,1303,106,90.17301038062284,7.335640138408304,0.0,1445
36047028501,Census Tract 285.01; Kings County; New York,36,47,28501,321,57969.0,265,21,82.55451713395638,6.5420560747663545,5.3,321
36047028502,Census Tract 285.02; Kings County; New York,36,47,28502,1187,14944.0,931,241,78.43302443133952,20.30328559393429,4.7,1187
36047028600,Census Tract 286; Kings County; New York,36,47,28600,1748,47923.0,1487,200,85.06864988558353,11.441647597254006,5.1,1748
36047028700,Census Tract 287; Kings County; New York,36,47,28700,1304,106462.0,1220,33,93.55828220858896,2.5306748466257667,0.5,1304
36047028800,Census Tract 288; Kings County; New York,36,47,28800,1123,77042.0,1084,39,96.52715939447909,3.4728406055209264,0.0,1123
36047028900,Census Tract 289; Kings County; New York,36,47,28900,1601,50152.0,1218,252,76.07745159275453,15.740162398500937,6.2,1601
36047029000,Census Tract 290; Kings County; New York,36,47,29000,1531,62731.0,1176,264,76.81254082299151,17.243631613324624,0.0,1531
36047029100,Census Tract 291; Kings County; New York,36,47,29100,1451,88153.0,1256,195,86.56099241902136,13.439007580978634,24.2,1451
36047029200,Census Tract 292; Kings County; New York,36,47,29200,1014,55653.0,910,87,89.74358974358975,8.579881656804734,2.3,1014
36047029300,Census Tract 293; Kings County; New York,36,47,29300,1326,36833.0,1122,130,84.61538461538461,9.803921568627452,8.1,1326
36047029400,Census Tract 294; Kings County; New York,36,47,29400,603,91544.0,561,42,93.03482587064677,6.965174129353234,0.8,603
36047029500,Census Tract 295; Kings County; New York,36,47,29500,1886,94227.0,1670,51,88.54718981972428,2.704135737009544,8.9,1886
36047029600,Census Tract 296; Kings County; New York,36,47,29600,1989,66349.0,1861,54,93.5646053293112,2.7149321266968327,0.0,1989
36047029700,Census Tract 297; Kings County; New York,36,47,29700,1705,70536.0,1509,179,88.50439882697947,10.498533724340176,7.3,1705
36047029800,Census Tract 298; Kings County; New York,36,47,29800,1110,61059.0,1037,19,93.42342342342343,1.7117117117117115,0.0,1110
36047029900,Census Tract 299; Kings County; New York,36,47,29900,1247,65433.0,1093,102,87.65036086607859,8.179631114675221,13.9,1247
36047030000,Census Tract 300; Kings County; New York,36,47,30000,1354,73981.0,1316,38,97.19350073855244,2.806499261447563,1.2,1354
36047030100,Census Tract 301; Kings County; New York,36,47,30100,1106,98438.0,1025,81,92.6763110307414,7.323688969258589,6.9,1106
36047030200,Census Tract 302; Kings County; New York,36,47,30200,1323,76005.0,1171,70,88.51095993953136,5.291005291005291,0.8,1323
36047030300,Census Tract 303; Kings County; New York,36,47,30300,2198,43275.0,1958,204,89.08098271155596,9.281164695177434,16.1,2198
36047030400,Census Tract 304; Kings County; New York,36,47,30400,1505,68581.0,1343,117,89.2358803986711,7.774086378737542,0.9,1505
36047030500,Census Tract 305; Kings County; New York,36,47,30500,3332,122353.0,3038,200,91.17647058823529,6.002400960384153,13.6,3332
36047030600,Census Tract 306; Kings County; New York,36,47,30600,672,65985.0,560,87,83.33333333333334,12.946428571428573,0.2,672
36047030700,Census Tract 307; Kings County; New York,36,47,30700,2861,50049.0,2147,605,75.04369101712687,21.146452289409297,21.1,2861
36047030800,Census Tract 308; Kings County; New York,36,47,30800,710,50865.0,644,66,90.70422535211267,9.295774647887324,0.0,710
36047030900,Census Tract 309; Kings County; New York,36,47,30900,933,66889.0,861,55,92.28295819935691,5.894962486602358,14.3,933
36047031100,Census Tract 311; Kings County; New York,36,47,31100,1325,106845.0,1267,35,95.62264150943396,2.6415094339622645,18.3,1325
36047031300,Census Tract 313; Kings County; New York,36,47,31300,2277,105407.0,1930,306,84.76064997804129,13.438735177865613,24.3,2277
36047031401,Census Tract 314.01; Kings County; New York,36,47,31401,1842,101193.0,1642,126,89.14223669923996,6.840390879478828,0.3,1842
36047031402,Census Tract 314.02; Kings County; New York,36,47,31402,0,,0,0,,,-666666666.0,0
36047031500,Census Tract 315; Kings County; New York,36,47,31500,2481,100899.0,2395,71,96.53365578395808,2.8617492946392584,10.6,2481
36047031701,Census Tract 317.01; Kings County; New York,36,47,31701,1701,101806.0,1674,27,98.4126984126984,1.5873015873015872,23.4,1701
36047031702,Census Tract 317.02; Kings County; New York,36,47,31702,1553,115512.0,1506,47,96.973599484868,3.0264005151320026,14.3,1553
36047031900,Census Tract 319; Kings County; New York,36,47,31900,1308,90357.0,1099,200,84.02140672782875,15.29051987767584,23.9,1308
36047032100,Census Tract 321; Kings County; New York,36,47,32100,2188,86685.0,2145,30,98.03473491773309,1.3711151736745886,29.4,2188
36047032300,Census Tract 323; Kings County; New York,36,47,32300,1695,83815.0,1498,184,88.37758112094394,10.855457227138643,35.7,1695
36047032500,Census Tract 325; Kings County; New York,36,47,32500,2715,94328.0,2409,273,88.7292817679558,10.05524861878453,31.0,2715
36047032600,Census Tract 326; Kings County; New York,36,47,32600,3091,49911.0,2803,148,90.68262698155937,4.7880944678097705,5.4,3091
36047032700,Census Tract 327; Kings County; New York,36,47,32700,1420,82554.0,1284,110,90.4225352112676,7.746478873239436,18.2,1420
36047032800,Census Tract 328; Kings County; New York,36,47,32800,1122,53526.0,990,121,88.23529411764706,10.784313725490197,6.1,1122
36047032900,Census Tract 329; Kings County; New York,36,47,32900,2121,92193.0,1888,205,89.01461574728901,9.665252239509666,17.5,2121
36047033000,Census Tract 330; Kings County; New York,36,47,33000,1944,23583.0,1674,142,86.11111111111111,7.304526748971194,4.1,1944
36047033100,Census Tract 331; Kings County; New York,36,47,33100,1743,44347.0,1605,138,92.08261617900172,7.917383820998279,25.3,1743
36047033300,Census Tract 333; Kings County; New York,36,47,33300,1366,103333.0,1192,68,87.26207906295754,4.978038067349927,6.2,1366
36047033500,Census Tract 335; Kings County; New York,36,47,33500,954,102188.0,847,81,88.78406708595388,8.49056603773585,11.7,954
36047033600,Census Tract 336; Kings County; New York,36,47,33600,1592,76719.0,1474,61,92.58793969849246,3.8316582914572863,0.5,1592
36047033701,Census Tract 337.01; Kings County; New York,36,47,33701,945,93620.0,768,177,81.26984126984127,18.73015873015873,14.8,945
36047033702,Census Tract 337.02; Kings County; New York,36,47,33702,575,87165.0,504,71,87.65217391304347,12.347826086956522,6.7,575
36047033900,Census Tract 339; Kings County; New York,36,47,33900,2041,61979.0,1814,215,88.8780009799118,10.53405193532582,18.8,2041
36047034000,Census Tract 340; Kings County; New York,36,47,34000,679,32983.0,469,179,69.0721649484536,26.362297496318117,9.9,679
36047034100,Census Tract 341; Kings County; New York,36,47,34100,1174,95300.0,1092,82,93.01533219761498,6.984667802385008,21.4,1174
36047034200,Census Tract 342; Kings County; New York,36,47,34200,2927,22872.0,2159,466,73.76153057738298,15.920737956952511,0.4,2927
36047034300,Census Tract 343; Kings County; New York,36,47,34300,1892,28750.0,1557,78,82.2938689217759,4.12262156448203,10.4,1892
36047034500,Census Tract 345; Kings County; New York,36,47,34500,1097,81850.0,1033,64,94.16590701914312,5.834092980856882,16.2,1097
36047034700,Census Tract 347; Kings County; New York,36,47,34700,1860,42457.0,1506,304,80.96774193548387,16.344086021505376,39.0,1860
36047034800,Census Tract 348; Kings County; New York,36,47,34800,938,53710.0,871,58,92.85714285714286,6.183368869936034,4.1,938
36047034901,Census Tract 349.01; Kings County; New York,36,47,34901,817,82521.0,800,17,97.91921664626683,2.08078335373317,32.4,817
36047034902,Census Tract 349.02; Kings County; New York,36,47,34902,1669,34381.0,1383,247,82.8639904134212,14.799281006590773,32.2,1669
36047035000,Census Tract 350; Kings County; New York,36,47,35000,1611,56891.0,1314,287,81.56424581005587,17.815021725636253,0.0,1611
36047035101,Census Tract 351.01; Kings County; New York,36,47,35101,762,53626.0,672,90,88.18897637795276,11.811023622047244,31.9,762
36047035102,Census Tract 351.02; Kings County; New York,36,47,35102,1047,70030.0,1002,21,95.70200573065902,2.005730659025788,25.1,1047
36047035200,Census Tract 352; Kings County; New York,36,47,35200,821,13240.0,486,216,59.19610231425091,26.30937880633374,1.0,821
36047035301,Census Tract 353.01; Kings County; New York,36,47,35301,1116,46789.0,904,128,81.00358422939068,11.469534050179211,19.3,1116
36047035302,Census Tract 353.02; Kings County; New York,36,47,35302,1014,85234.0,932,47,91.91321499013807,4.6351084812623276,25.7,1014
36047035400,Census Tract 354; Kings County; New York,36,47,35400,2856,63382.0,2540,281,88.93557422969187,9.838935574229692,0.6,2856
36047035500,Census Tract 355; Kings County; New York,36,47,35500,2068,75139.0,1889,153,91.34429400386847,7.398452611218569,44.9,2068
36047035601,Census Tract 356.01; Kings County; New York,36,47,35601,1397,28750.0,1153,244,82.53400143163923,17.465998568360774,1.6,1397
36047035602,Census Tract 356.02; Kings County; New York,36,47,35602,3207,50456.0,2782,242,86.74773932023699,7.545993140006237,0.0,3207
36047035701,Census Tract 357.01; Kings County; New York,36,47,35701,1105,45313.0,806,299,72.94117647058823,27.058823529411764,30.5,1105
36047035702,Census Tract 357.02; Kings County; New York,36,47,35702,0,,0,0,,,-666666666.0,0
36047035900,Census Tract 359; Kings County; New York,36,47,35900,2462,62774.0,2123,339,86.23070674248578,13.769293257514217,22.1,2462
36047036001,Census Tract 360.01; Kings County; New York,36,47,36001,1786,30877.0,1429,341,80.01119820828667,19.092945128779395,0.0,1786
36047036002,Census Tract 360.02; Kings County; New York,36,47,36002,2203,30176.0,1533,589,69.5869269178393,26.73626872446664,0.4,2203
36047036100,Census Tract 361; Kings County; New York,36,47,36100,1268,37035.0,1073,195,84.62145110410094,15.378548895899053,10.4,1268
36047036200,Census Tract 362; Kings County; New York,36,47,36200,1353,52023.0,1245,49,92.01773835920177,3.621581670362158,0.7,1353
36047036300,Census Tract 363; Kings County; New York,36,47,36300,2105,58091.0,1951,76,92.68408551068885,3.6104513064133017,17.1,2105
36047036400,Census Tract 364; Kings County; New York,36,47,36400,955,63480.0,781,174,81.78010471204189,18.219895287958117,0.0,955
36047036501,Census Tract 365.01; Kings County; New York,36,47,36501,1378,67165.0,1298,50,94.1944847605225,3.6284470246734397,16.8,1378
36047036502,Census Tract 365.02; Kings County; New York,36,47,36502,745,67038.0,692,14,92.88590604026845,1.8791946308724832,27.4,745
36047036600,Census Tract 366; Kings County; New York,36,47,36600,1388,52385.0,1320,68,95.10086455331412,4.899135446685879,1.2,1388
36047036700,Census Tract 367; Kings County; New York,36,47,36700,705,70426.0,568,113,80.56737588652483,16.02836879432624,2.2,705
36047036900,Census Tract 369; Kings County; New York,36,47,36900,2455,48583.0,2218,202,90.34623217922608,8.228105906313646,1.9,2455
36047037000,Census Tract 370; Kings County; New York,36,47,37000,1479,69493.0,1385,88,93.64435429344151,5.949966193373902,0.4,1479
36047037100,Census Tract 371; Kings County; New York,36,47,37100,1728,87679.0,1716,12,99.30555555555556,0.6944444444444444,20.9,1728
36047037300,Census Tract 373; Kings County; New York,36,47,37300,2012,71786.0,1780,119,88.46918489065607,5.914512922465208,9.4,2012
36047037401,Census Tract 374.01; Kings County; New York,36,47,37401,1819,59004.0,1740,72,95.65695437053327,3.9582188015393074,2.1,1819
36047037402,Census Tract 374.02; Kings County; New York,36,47,37402,2276,57118.0,2060,131,90.50966608084359,5.755711775043936,2.2,2276
36047037500,Census Tract 375; Kings County; New York,36,47,37500,1560,91985.0,1479,64,94.8076923076923,4.102564102564102,2.9,1560
36047037700,Census Tract 377; Kings County; New York,36,47,37700,1912,71786.0,1784,97,93.30543933054393,5.073221757322176,12.4,1912
36047037900,Census Tract 379; Kings County; New York,36,47,37900,1584,67949.0,1461,108,92.23484848484848,6.8181818181818175,21.4,1584
36047038100,Census Tract 381; Kings County; New York,36,47,38100,2458,70867.0,2299,137,93.5313262815297,5.573637103336045,9.5,2458
36047038200,Census Tract 382; Kings County; New York,36,47,38200,1985,22332.0,1853,77,93.35012594458438,3.8790931989924435,2.2,1985
36047038300,Census Tract 383; Kings County; New York,36,47,38300,2158,87786.0,1954,155,90.54680259499537,7.182576459684893,8.5,2158
36047038500,Census Tract 385; Kings County; New York,36,47,38500,1571,114375.0,1481,50,94.27116486314449,3.1826861871419476,3.7,1571
36047038600,Census Tract 386; Kings County; New York,36,47,38600,1086,91857.0,950,121,87.47697974217311,11.141804788213628,1.5,1086
36047038700,Census Tract 387; Kings County; New York,36,47,38700,2093,93221.0,1878,133,89.72766364070712,6.354515050167224,9.8,2093
36047038800,Census Tract 388; Kings County; New York,36,47,38800,1530,83558.0,1439,91,94.05228758169935,5.947712418300653,0.0,1530
36047038900,Census Tract 389; Kings County; New York,36,47,38900,1472,98819.0,1327,20,90.14945652173914,1.358695652173913,1.1,1472
36047039000,Census Tract 390; Kings County; New York,36,47,39000,770,72143.0,760,10,98.7012987012987,1.2987012987012987,0.0,770
36047039100,Census Tract 391; Kings County; New York,36,47,39100,2539,103796.0,2400,139,94.52540370224499,5.4745962977550215,2.9,2539
36047039200,Census Tract 392; Kings County; New York,36,47,39200,1082,54483.0,946,124,87.43068391866913,11.460258780036968,9.8,1082
36047039300,Census Tract 393; Kings County; New York,36,47,39300,1643,112566.0,1505,114,91.60073037127206,6.938527084601338,1.8,1643
36047039400,Census Tract 394; Kings County; New York,36,47,39400,702,62875.0,598,84,85.18518518518519,11.965811965811966,0.0,702
36047039500,Census Tract 395; Kings County; New York,36,47,39500,1959,84219.0,1766,193,90.14803471158754,9.851965288412455,3.5,1959
36047039600,Census Tract 396; Kings County; New York,36,47,39600,675,69563.0,612,63,90.66666666666666,9.333333333333334,0.0,675
36047039700,Census Tract 397; Kings County; New York,36,47,39700,1598,74291.0,1497,101,93.67959949937422,6.320400500625782,2.5,1598
36047039800,Census Tract 398; Kings County; New York,36,47,39800,809,89750.0,762,47,94.19035846724351,5.80964153275649,0.0,809
36047039900,Census Tract 399; Kings County; New York,36,47,39900,1635,50329.0,1320,244,80.73394495412845,14.92354740061162,13.1,1635
36047040000,Census Tract 400; Kings County; New York,36,47,40000,877,58941.0,786,91,89.62371721778791,10.376282782212087,0.0,877
36047040100,Census Tract 401; Kings County; New York,36,47,40100,1399,69616.0,1240,128,88.63473909935668,9.1493924231594,5.4,1399
36047040200,Census Tract 402; Kings County; New York,36,47,40200,772,76250.0,715,38,92.61658031088082,4.922279792746114,0.0,772
36047040300,Census Tract 403; Kings County; New York,36,47,40300,1489,103792.0,1454,35,97.64942914707858,2.350570852921424,7.9,1489
36047040400,Census Tract 404; Kings County; New York,36,47,40400,847,106442.0,779,19,91.97166469893743,2.2432113341204247,0.0,847
36047040500,Census Tract 405; Kings County; New York,36,47,40500,680,69437.0,599,50,88.08823529411765,7.352941176470589,8.2,680
36047040600,Census Tract 406; Kings County; New York,36,47,40600,1052,79941.0,1002,37,95.24714828897338,3.5171102661596962,2.3,1052
36047040700,Census Tract 407; Kings County; New York,36,47,40700,0,,0,0,,,-666666666.0,0
36047040800,Census Tract 408; Kings County; New York,36,47,40800,1068,78750.0,983,85,92.04119850187266,7.9588014981273405,0.0,1068
36047040900,Census Tract 409; Kings County; New York,36,47,40900,1308,78220.0,1144,164,87.46177370030581,12.538226299694188,5.8,1308
36047041000,Census Tract 410; Kings County; New York,36,47,41000,690,60694.0,629,47,91.15942028985508,6.811594202898551,0.0,690
36047041100,Census Tract 411; Kings County; New York,36,47,41100,1030,63125.0,737,268,71.55339805825243,26.019417475728158,5.4,1030
36047041200,Census Tract 412; Kings County; New York,36,47,41200,909,95152.0,837,56,92.07920792079209,6.16061606160616,2.8,909
36047041300,Census Tract 413; Kings County; New York,36,47,41300,1449,110996.0,1233,145,85.09316770186336,10.006901311249138,1.5,1449
36047041401,Census Tract 414.01; Kings County; New York,36,47,41401,468,71944.0,452,16,96.58119658119658,3.418803418803419,2.4,468
36047041402,Census Tract 414.02; Kings County; New York,36,47,41402,730,39048.0,629,88,86.16438356164383,12.054794520547945,0.1,730
36047041500,Census Tract 415; Kings County; New York,36,47,41500,1649,96110.0,1394,198,84.5360824742268,12.007277137659187,12.4,1649
36047041600,Census Tract 416; Kings County; New York,36,47,41600,705,63425.0,675,15,95.74468085106383,2.127659574468085,0.5,705
36047041700,Census Tract 417; Kings County; New York,36,47,41700,1432,32028.0,1052,300,73.46368715083798,20.949720670391063,1.3,1432
36047041800,Census Tract 418; Kings County; New York,36,47,41800,871,46607.0,714,113,81.9747416762342,12.973593570608497,0.0,871
36047041900,Census Tract 419; Kings County; New York,36,47,41900,1241,73958.0,1014,180,81.70829975825947,14.5044319097502,1.5,1241
36047042000,Census Tract 420; Kings County; New York,36,47,42000,490,88700.0,442,48,90.20408163265307,9.795918367346939,0.6,490
36047042100,Census Tract 421; Kings County; New York,36,47,42100,1795,94209.0,1660,94,92.47910863509749,5.236768802228412,0.5,1795
36047042200,Census Tract 422; Kings County; New York,36,47,42200,1022,73033.0,775,203,75.83170254403132,19.863013698630137,1.0,1022
36047042300,Census Tract 423; Kings County; New York,36,47,42300,1528,123750.0,1491,37,97.57853403141361,2.4214659685863875,1.9,1528
36047042400,Census Tract 424; Kings County; New York,36,47,42400,1322,70060.0,1239,46,93.72163388804842,3.479576399394856,1.3,1322
36047042500,Census Tract 425; Kings County; New York,36,47,42500,1148,86316.0,937,171,81.62020905923345,14.895470383275262,0.9,1148
36047042600,Census Tract 426; Kings County; New York,36,47,42600,1537,71840.0,1482,55,96.42160052049447,3.5783994795055305,0.0,1537
36047042700,Census Tract 427; Kings County; New York,36,47,42700,1871,92250.0,1772,99,94.70871191876003,5.291288081239979,0.9,1871
36047042800,Census Tract 428; Kings County; New York,36,47,42800,1263,88656.0,1208,33,95.64528899445764,2.6128266033254155,0.9,1263
36047042900,Census Tract 429; Kings County; New York,36,47,42900,2038,65000.0,1833,192,89.94111874386654,9.421000981354268,0.6,2038
36047043000,Census Tract 430; Kings County; New York,36,47,43000,1381,75417.0,1317,64,95.36567704561911,4.634322954380883,0.0,1381
36047043100,Census Tract 431; Kings County; New York,36,47,43100,1783,90745.0,1736,24,97.36399326977005,1.346045989904655,3.1,1783
36047043200,Census Tract 432; Kings County; New York,36,47,43200,1432,79667.0,1297,97,90.57262569832403,6.773743016759777,0.7,1432
36047043300,Census Tract 433; Kings County; New York,36,47,43300,1442,59551.0,1256,186,87.1012482662968,12.89875173370319,9.9,1442
36047043400,Census Tract 434; Kings County; New York,36,47,43400,1266,66763.0,1204,43,95.10268562401264,3.39652448657188,1.9,1266
36047043500,Census Tract 435; Kings County; New York,36,47,43500,1774,67778.0,1645,45,92.728297632469,2.5366403607666292,4.4,1774
36047043600,Census Tract 436; Kings County; New York,36,47,43600,1794,83284.0,1661,94,92.58639910813824,5.2396878483835,1.1,1794
36047043700,Census Tract 437; Kings County; New York,36,47,43700,1997,77904.0,1862,135,93.23985978968453,6.760140210315472,2.1,1997
36047043800,Census Tract 438; Kings County; New York,36,47,43800,909,70066.0,782,96,86.02860286028603,10.561056105610561,0.5,909
36047043900,Census Tract 439; Kings County; New York,36,47,43900,1116,114318.0,1078,38,96.59498207885304,3.405017921146954,4.4,1116
36047044000,Census Tract 440; Kings County; New York,36,47,44000,733,88344.0,638,69,87.03956343792633,9.413369713506139,0.0,733
36047044100,Census Tract 441; Kings County; New York,36,47,44100,1918,78526.0,1614,283,84.15015641293013,14.754953076120959,4.5,1918
36047044200,Census Tract 442; Kings County; New York,36,47,44200,860,62708.0,711,122,82.67441860465117,14.186046511627906,1.0,860
36047044300,Census Tract 443; Kings County; New York,36,47,44300,1952,94517.0,1863,89,95.4405737704918,4.559426229508197,0.0,1952
36047044400,Census Tract 444; Kings County; New York,36,47,44400,941,67554.0,855,77,90.86078639744952,8.182784272051009,0.0,941
36047044500,Census Tract 445; Kings County; New York,36,47,44500,1648,86717.0,1440,98,87.37864077669903,5.946601941747573,3.4,1648
36047044600,Census Tract 446; Kings County; New York,36,47,44600,637,69099.0,618,19,97.01726844583987,2.9827315541601256,0.0,637
36047044700,Census Tract 447; Kings County; New York,36,47,44700,958,89511.0,913,0,95.30271398747391,0.0,1.2,958
36047044800,Census Tract 448; Kings County; New York,36,47,44800,759,96639.0,709,50,93.41238471673255,6.587615283267458,1.8,759
36047044901,Census Tract 449.01; Kings County; New York,36,47,44901,1045,78774.0,931,79,89.0909090909091,7.559808612440191,1.4,1045
36047044902,Census Tract 449.02; Kings County; New York,36,47,44902,0,,0,0,,,-666666666.0,0
36047045000,Census Tract 450; Kings County; New York,36,47,45000,296,90893.0,281,10,94.93243243243244,3.3783783783783785,0.0,296
36047045200,Census Tract 452; Kings County; New York,36,47,45200,892,74250.0,757,114,84.86547085201794,12.780269058295964,0.3,892
36047045300,Census Tract 453; Kings County; New York,36,47,45300,683,70598.0,609,72,89.16544655929722,10.54172767203514,2.5,683
36047045400,Census Tract 454; Kings County; New York,36,47,45400,531,94607.0,431,49,81.16760828625236,9.227871939736348,6.1,531
36047045600,Census Tract 456; Kings County; New York,36,47,45600,817,70329.0,692,94,84.7001223990208,11.505507955936352,0.0,817
36047045800,Census Tract 458; Kings County; New York,36,47,45800,459,58958.0,444,15,96.73202614379085,3.2679738562091507,0.0,459
36047046000,Census Tract 460; Kings County; New York,36,47,46000,1231,97188.0,1037,188,84.24045491470349,15.272136474411047,0.0,1231
36047046201,Census Tract 462.01; Kings County; New York,36,47,46201,1047,63375.0,920,88,87.87010506208213,8.404966571155683,0.0,1047
36047046202,Census Tract 462.02; Kings County; New York,36,47,46202,462,85536.0,434,6,93.93939393939394,1.2987012987012987,0.0,462
36047046400,Census Tract 464; Kings County; New York,36,47,46400,628,72422.0,431,191,68.63057324840764,30.4140127388535,0.0,628
36047046800,Census Tract 468; Kings County; New York,36,47,46800,500,41343.0,214,286,42.8,57.199999999999996,0.0,500
36047047000,Census Tract 470; Kings County; New York,36,47,47000,655,75069.0,395,244,60.30534351145038,37.25190839694656,0.0,655
36047047200,Census Tract 472; Kings County; New York,36,47,47200,705,71635.0,449,241,63.68794326241135,34.184397163120565,0.2,705
36047047400,Census Tract 474; Kings County; New York,36,47,47400,729,99769.0,480,249,65.84362139917695,34.15637860082305,0.4,729
36047047600,Census Tract 476; Kings County; New York,36,47,47600,926,61250.0,629,297,67.92656587473002,32.073434125269976,2.5,926
36047047700,Census Tract 477; Kings County; New York,36,47,47700,1887,179175.0,1887,0,100.0,0.0,1.8,1887
36047047800,Census Tract 478; Kings County; New York,36,47,47800,1205,60590.0,751,454,62.32365145228216,37.67634854771784,0.0,1205
36047048000,Census Tract 480; Kings County; New York,36,47,48000,971,52940.0,795,135,81.87435633367663,13.903192584963955,0.0,971
36047048100,Census Tract 481; Kings County; New York,36,47,48100,1443,94896.0,1335,79,92.51559251559252,5.474705474705475,0.9,1443
36047048200,Census Tract 482; Kings County; New York,36,47,48200,2169,58234.0,1877,278,86.53757491931766,12.816966343937297,0.9,2169
36047048400,Census Tract 484; Kings County; New York,36,47,48400,1514,96964.0,1259,132,83.15719947159842,8.718626155878468,0.0,1514
36047048500,Census Tract 485; Kings County; New York,36,47,48500,1046,130278.0,1004,30,95.98470363288719,2.8680688336520075,1.6,1046
36047048600,Census Tract 486; Kings County; New York,36,47,48600,756,65714.0,739,17,97.75132275132276,2.2486772486772484,0.0,756
36047048800,Census Tract 488; Kings County; New York,36,47,48800,1641,76110.0,1468,173,89.4576477757465,10.542352224253504,0.3,1641
36047048900,Census Tract 489; Kings County; New York,36,47,48900,1535,26070.0,1350,138,87.94788273615634,8.990228013029316,2.2,1535
36047049000,Census Tract 490; Kings County; New York,36,47,49000,2110,77917.0,2049,45,97.10900473933648,2.132701421800948,2.1,2110
36047049100,Census Tract 491; Kings County; New York,36,47,49100,2621,46137.0,2158,463,82.3349866463182,17.6650133536818,1.0,2621
36047049200,Census Tract 492; Kings County; New York,36,47,49200,1258,103269.0,1107,86,87.99682034976153,6.836248012718602,3.4,1258
36047049301,Census Tract 493.01; Kings County; New York,36,47,49301,947,19440.0,763,149,80.5702217529039,15.73389651531151,10.1,947
36047049302,Census Tract 493.02; Kings County; New York,36,47,49302,2459,82423.0,2250,152,91.5006100040667,6.18137454249695,2.7,2459
36047049400,Census Tract 494; Kings County; New York,36,47,49400,2253,97625.0,2231,16,99.02352418996892,0.7101642254771415,1.5,2253
36047049500,Census Tract 495; Kings County; New York,36,47,49500,1506,141250.0,1482,24,98.40637450199203,1.593625498007968,0.4,1506
36047049600,Census Tract 496; Kings County; New York,36,47,49600,1298,66920.0,1187,111,91.44838212634822,8.551617873651772,0.0,1298
36047049700,Census Tract 497; Kings County; New York,36,47,49700,1750,144872.0,1662,54,94.97142857142858,3.085714285714286,0.7,1750
36047049800,Census Tract 498; Kings County; New York,36,47,49800,1570,77692.0,1465,42,93.31210191082803,2.67515923566879,7.6,1570
36047049900,Census Tract 499; Kings County; New York,36,47,49900,1077,146106.0,1033,33,95.91457753017642,3.064066852367688,1.0,1077
36047050001,Census Tract 500.01; Kings County; New York,36,47,50001,945,124177.0,858,48,90.7936507936508,5.079365079365079,3.8,945
36047050002,Census Tract 500.02; Kings County; New York,36,47,50002,659,124107.0,588,65,89.22610015174507,9.863429438543248,0.0,659
36047050100,Census Tract 501; Kings County; New York,36,47,50100,1511,126696.0,1382,112,91.46260754467241,7.412309728656519,0.0,1511
36047050202,Census Tract 502.02; Kings County; New York,36,47,50202,1093,132670.0,783,231,71.6376944190302,21.134492223238794,5.6,1093
36047050300,Census Tract 503; Kings County; New York,36,47,50300,1325,173548.0,1286,39,97.05660377358491,2.943396226415094,0.0,1325
36047050401,Census Tract 504.01; Kings County; New York,36,47,50401,1182,156033.0,1061,108,89.76311336717428,9.137055837563452,0.5,1182
36047050402,Census Tract 504.02; Kings County; New York,36,47,50402,892,166100.0,869,23,97.42152466367713,2.57847533632287,1.3,892
36047050500,Census Tract 505; Kings County; New York,36,47,50500,2052,57500.0,1889,155,92.05653021442495,7.553606237816764,1.3,2052
36047050600,Census Tract 506; Kings County; New York,36,47,50600,2003,69276.0,1885,98,94.10883674488268,4.892661008487269,13.7,2003
36047050700,Census Tract 507; Kings County; New York,36,47,50700,845,59158.0,537,296,63.55029585798817,35.02958579881657,0.0,845
36047050801,Census Tract 508.01; Kings County; New York,36,47,50801,1424,74333.0,1297,114,91.0814606741573,8.00561797752809,20.7,1424
36047050803,Census Tract 508.03; Kings County; New York,36,47,50803,1087,68496.0,927,160,85.28058877644894,14.719411223551058,25.2,1087
36047050804,Census Tract 508.04; Kings County; New York,36,47,50804,2715,110317.0,2621,74,96.5377532228361,2.7255985267034992,21.8,2715
36047050900,Census Tract 509; Kings County; New York,36,47,50900,1048,42361.0,798,232,76.14503816793892,22.137404580152673,0.0,1048
36047051001,Census Tract 510.01; Kings County; New York,36,47,51001,1580,59583.0,1507,73,95.37974683544303,4.620253164556963,32.4,1580
36047051002,Census Tract 510.02; Kings County; New York,36,47,51002,1679,71007.0,1527,122,90.94699225729602,7.266229898749256,26.1,1679
36047051100,Census Tract 511; Kings County; New York,36,47,51100,1916,88457.0,1815,100,94.72860125260961,5.219206680584551,0.6,1916
36047051200,Census Tract 512; Kings County; New York,36,47,51200,2178,96719.0,1904,161,87.41965105601469,7.392102846648302,35.7,2178
36047051300,Census Tract 513; Kings County; New York,36,47,51300,2757,136207.0,2687,70,97.46100834240116,2.5389916575988396,0.5,2757
36047051400,Census Tract 514; Kings County; New York,36,47,51400,2530,100000.0,2372,138,93.75494071146245,5.454545454545454,21.1,2530
36047051500,Census Tract 515; Kings County; New York,36,47,51500,1272,246707.0,1272,0,100.0,0.0,0.0,1272
36047051601,Census Tract 516.01; Kings County; New York,36,47,51601,1913,72304.0,1727,154,90.27705175117616,8.050182958703607,25.7,1913
36047051602,Census Tract 516.02; Kings County; New York,36,47,51602,1423,77801.0,1239,162,87.0695713281799,11.384399156711174,38.1,1423
36047051700,Census Tract 517; Kings County; New York,36,47,51700,1366,234444.0,1280,64,93.70424597364568,4.685212298682284,1.1,1366
36047051800,Census Tract 518; Kings County; New York,36,47,51800,1558,112589.0,1506,52,96.66238767650835,3.3376123234916557,15.4,1558
36047051900,Census Tract 519; Kings County; New York,36,47,51900,3345,221375.0,3246,61,97.04035874439462,1.8236173393124067,1.2,3345
36047052000,Census Tract 520; Kings County; New York,36,47,52000,1335,126102.0,1245,81,93.25842696629213,6.067415730337078,14.9,1335
36047052300,Census Tract 523; Kings County; New York,36,47,52300,2403,74454.0,2325,65,96.75405742821474,2.7049521431543906,1.9,2403
36047052500,Census Tract 525; Kings County; New York,36,47,52500,1418,70625.0,1012,376,71.36812411847673,26.516220028208743,0.0,1418
36047052600,Census Tract 526; Kings County; New York,36,47,52600,1820,91500.0,1725,95,94.78021978021978,5.21978021978022,13.8,1820
36047052700,Census Tract 527; Kings County; New York,36,47,52700,2492,59632.0,2326,123,93.33868378812198,4.935794542536116,0.9,2492
36047052800,Census Tract 528; Kings County; New York,36,47,52800,652,121000.0,614,9,94.1717791411043,1.3803680981595092,1.0,652
36047052900,Census Tract 529; Kings County; New York,36,47,52900,1067,39549.0,213,649,19.962511715089036,60.824742268041234,0.0,1067
36047053000,Census Tract 530; Kings County; New York,36,47,53000,1184,78621.0,917,116,77.44932432432432,9.797297297297296,4.1,1184
36047053101,Census Tract 531.01; Kings County; New York,36,47,53101,579,,327,242,56.476683937823836,41.796200345423145,0.0,579
36047053102,Census Tract 531.02; Kings County; New York,36,47,53102,1320,76635.0,637,634,48.25757575757576,48.03030303030303,0.4,1320
36047053200,Census Tract 532; Kings County; New York,36,47,53200,908,72500.0,834,42,91.85022026431719,4.6255506607929515,5.0,908
36047053300,Census Tract 533; Kings County; New York,36,47,53300,1683,34519.0,539,1144,32.02614379084967,67.97385620915033,0.0,1683
36047053400,Census Tract 534; Kings County; New York,36,47,53400,1328,83421.0,1002,210,75.45180722891565,15.813253012048193,0.9,1328
36047053500,Census Tract 535; Kings County; New York,36,47,53500,1164,49244.0,487,576,41.838487972508595,49.48453608247423,0.0,1164
36047053700,Census Tract 537; Kings County; New York,36,47,53700,810,44085.0,336,449,41.48148148148148,55.4320987654321,0.2,810
36047053800,Census Tract 538; Kings County; New York,36,47,53800,2420,65556.0,2155,227,89.0495867768595,9.380165289256198,2.3,2420
36047053900,Census Tract 539; Kings County; New York,36,47,53900,889,46914.0,467,422,52.53093363329584,47.46906636670416,1.7,889
36047054200,Census Tract 542; Kings County; New York,36,47,54200,1580,56481.0,1311,178,82.9746835443038,11.265822784810126,0.8,1580
36047054300,Census Tract 543; Kings County; New York,36,47,54300,0,,0,0,,,-666666666.0,0
36047054400,Census Tract 544; Kings County; New York,36,47,54400,1299,55938.0,1130,123,86.98999230177058,9.468822170900692,0.0,1299
36047054500,Census Tract 545; Kings County; New York,36,47,54500,2454,42071.0,1477,694,60.18744906275468,28.280358598207012,11.2,2454
36047054600,Census Tract 546; Kings County; New York,36,47,54600,1895,74651.0,1674,162,88.3377308707124,8.54881266490765,4.7,1895
36047054700,Census Tract 547; Kings County; New York,36,47,54700,2914,87047.0,2426,488,83.25326012354152,16.746739876458477,0.8,2914
36047054800,Census Tract 548; Kings County; New York,36,47,54800,804,83500.0,709,95,88.18407960199005,11.81592039800995,5.3,804
36047054900,Census Tract 549; Kings County; New York,36,47,54900,2086,183091.0,1845,228,88.44678811121764,10.930009587727708,0.0,2086
36047055000,Census Tract 550; Kings County; New York,36,47,55000,1495,59955.0,1312,151,87.75919732441471,10.100334448160535,3.9,1495
36047055100,Census Tract 551; Kings County; New York,36,47,55100,3279,171952.0,3225,22,98.35315645013723,0.6709362610551998,0.9,3279
36047055200,Census Tract 552; Kings County; New York,36,47,55200,1324,69861.0,1001,289,75.60422960725074,21.827794561933533,0.0,1324
36047055300,Census Tract 553; Kings County; New York,36,47,55300,1615,144083.0,1555,49,96.28482972136223,3.0340557275541795,1.0,1615
36047055400,Census Tract 554; Kings County; New York,36,47,55400,1694,64894.0,1470,218,86.77685950413223,12.868949232585598,0.8,1694
36047055500,Census Tract 555; Kings County; New York,36,47,55500,4405,205860.0,4396,9,99.79568671963678,0.20431328036322363,0.0,4405
36047055600,Census Tract 556; Kings County; New York,36,47,55600,1286,69485.0,1229,52,95.56765163297045,4.043545878693624,0.4,1286
36047055700,Census Tract 557; Kings County; New York,36,47,55700,1000,136250.0,1000,0,100.0,0.0,0.8,1000
36047055800,Census Tract 558; Kings County; New York,36,47,55800,882,61786.0,763,119,86.5079365079365,13.492063492063492,0.0,882
36047056000,Census Tract 560; Kings County; New York,36,47,56000,1450,74104.0,1221,175,84.20689655172414,12.068965517241379,2.5,1450
36047056100,Census Tract 561; Kings County; New York,36,47,56100,1761,151875.0,1669,63,94.77569562748438,3.577512776831346,1.3,1761
36047056200,Census Tract 562; Kings County; New York,36,47,56200,534,102083.0,524,10,98.12734082397003,1.8726591760299627,1.3,534
36047056301,Census Tract 563.01; Kings County; New York,36,47,56301,2422,133636.0,2218,204,91.57720891824937,8.422791081750619,2.3,2422
36047056302,Census Tract 563.02; Kings County; New York,36,47,56302,1434,76351.0,1418,0,98.88423988842399,0.0,1.5,1434
36047056400,Census Tract 564; Kings County; New York,36,47,56400,1111,86392.0,989,101,89.01890189018901,9.090909090909092,1.0,1111
36047056500,Census Tract 565; Kings County; New York,36,47,56500,1881,115329.0,1753,117,93.19510898458266,6.220095693779904,0.4,1881
36047056600,Census Tract 566; Kings County; New York,36,47,56600,852,69286.0,799,35,93.7793427230047,4.107981220657277,1.9,852
36047056800,Census Tract 568; Kings County; New York,36,47,56800,545,75521.0,536,9,98.34862385321101,1.651376146788991,0.0,545
36047056900,Census Tract 569; Kings County; New York,36,47,56900,894,159286.0,853,41,95.41387024608501,4.586129753914989,0.0,894
36047057000,Census Tract 570; Kings County; New York,36,47,57000,1623,80216.0,1514,102,93.28404189772027,6.284658040665435,0.2,1623
36047057100,Census Tract 571; Kings County; New York,36,47,57100,2079,125272.0,1923,156,92.4963924963925,7.503607503607504,0.0,2079
36047057200,Census Tract 572; Kings County; New York,36,47,57200,2145,31864.0,1719,400,80.13986013986015,18.64801864801865,9.1,2145
36047057300,Census Tract 573; Kings County; New York,36,47,57300,1405,150885.0,1335,44,95.01779359430606,3.131672597864769,0.0,1405
36047057400,Census Tract 574; Kings County; New York,36,47,57400,974,92813.0,942,32,96.71457905544148,3.285420944558522,0.0,974
36047057500,Census Tract 575; Kings County; New York,36,47,57500,2276,128804.0,2276,0,100.0,0.0,1.0,2276
36047057600,Census Tract 576; Kings County; New York,36,47,57600,974,98750.0,918,46,94.25051334702259,4.722792607802875,0.0,974
36047057800,Census Tract 578; Kings County; New York,36,47,57800,1124,61919.0,1027,97,91.37010676156584,8.629893238434164,3.1,1124
36047057901,Census Tract 579.01; Kings County; New York,36,47,57901,606,141754.0,581,0,95.87458745874588,0.0,1.2,606
36047057902,Census Tract 579.02; Kings County; New York,36,47,57902,0,,0,0,,,-666666666.0,0
36047058000,Census Tract 580; Kings County; New York,36,47,58000,1127,38945.0,998,129,88.55368234250221,11.446317657497781,0.0,1127
36047058200,Census Tract 582; Kings County; New York,36,47,58200,782,60811.0,692,59,88.49104859335038,7.544757033248081,1.6,782
36047058400,Census Tract 584; Kings County; New York,36,47,58400,1427,70870.0,1324,103,92.78206026629292,7.217939733707078,4.5,1427
36047058600,Census Tract 586; Kings County; New York,36,47,58600,770,70167.0,650,112,84.4155844155844,14.545454545454545,0.2,770
36047058800,Census Tract 588; Kings County; New York,36,47,58800,1473,96838.0,1330,84,90.2919212491514,5.7026476578411405,2.8,1473
36047058901,Census Tract 589.01; Kings County; New York,36,47,58901,919,114659.0,830,70,90.31556039173014,7.616974972796518,0.6,919
36047058902,Census Tract 589.02; Kings County; New York,36,47,58902,0,,0,0,,,-666666666.0,0
36047059000,Census Tract 590; Kings County; New York,36,47,59000,656,103619.0,638,18,97.2560975609756,2.7439024390243905,0.0,656
36047059100,Census Tract 591; Kings County; New York,36,47,59100,1983,133795.0,1938,11,97.73071104387292,0.5547150781643975,0.3,1983
36047059200,Census Tract 592; Kings County; New York,36,47,59200,1640,61944.0,1456,148,88.78048780487805,9.024390243902438,0.0,1640
36047059300,Census Tract 593; Kings County; New York,36,47,59300,1034,110625.0,984,25,95.16441005802709,2.4177949709864603,2.1,1034
36047059402,Census Tract 594.02; Kings County; New York,36,47,59402,2387,68625.0,2245,124,94.05111018014244,5.194805194805195,1.2,2387
36047059403,Census Tract 594.03; Kings County; New York,36,47,59403,1111,67232.0,1049,62,94.41944194419442,5.5805580558055805,0.0,1111
36047059404,Census Tract 594.04; Kings County; New York,36,47,59404,1539,65520.0,1509,30,98.05068226120858,1.949317738791423,0.0,1539
36047059600,Census Tract 596; Kings County; New York,36,47,59600,1168,56757.0,1036,125,88.6986301369863,10.702054794520548,0.0,1168
36047059800,Census Tract 598; Kings County; New York,36,47,59800,1294,81051.0,1249,36,96.52241112828439,2.7820710973724885,2.5,1294
36047060000,Census Tract 600; Kings County; New York,36,47,60000,2566,75671.0,2413,108,94.03741231488698,4.208885424785659,0.0,2566
36047060600,Census Tract 606; Kings County; New York,36,47,60600,1377,76080.0,1208,162,87.72694262890342,11.76470588235294,0.0,1377
36047060800,Census Tract 608; Kings County; New York,36,47,60800,1731,73546.0,1609,113,92.95205083766609,6.528018486424032,1.8,1731
36047061002,Census Tract 610.02; Kings County; New York,36,47,61002,2526,71944.0,2203,264,87.21298495645289,10.451306413301662,0.0,2526
36047061003,Census Tract 610.03; Kings County; New York,36,47,61003,613,51054.0,526,87,85.80750407830342,14.192495921696574,0.0,613
36047061004,Census Tract 610.04; Kings County; New York,36,47,61004,2919,40931.0,2292,567,78.52004110996916,19.424460431654676,1.1,2919
36047061200,Census Tract 612; Kings County; New York,36,47,61200,449,141094.0,418,31,93.0957683741648,6.904231625835189,1.4,449
36047061600,Census Tract 616; Kings County; New York,36,47,61600,532,183095.0,510,16,95.86466165413535,3.007518796992481,0.0,532
36047062000,Census Tract 620; Kings County; New York,36,47,62000,618,111932.0,540,24,87.37864077669903,3.8834951456310676,2.4,618
36047062200,Census Tract 622; Kings County; New York,36,47,62200,1083,68821.0,965,118,89.10433979686057,10.895660203139428,2.2,1083
36047062600,Census Tract 626; Kings County; New York,36,47,62600,1173,67218.0,1021,101,87.04177323103154,8.610400682011935,2.5,1173
36047062800,Census Tract 628; Kings County; New York,36,47,62800,1825,110377.0,1681,144,92.10958904109589,7.890410958904109,0.0,1825
36047063200,Census Tract 632; Kings County; New York,36,47,63200,696,82941.0,607,62,87.21264367816092,8.908045977011495,0.0,696
36047063600,Census Tract 636; Kings County; New York,36,47,63600,348,148056.0,304,44,87.35632183908046,12.643678160919542,0.0,348
36047063800,Census Tract 638; Kings County; New York,36,47,63800,664,82188.0,647,12,97.43975903614458,1.8072289156626504,4.8,664
36047064000,Census Tract 640; Kings County; New York,36,47,64000,406,143214.0,387,19,95.32019704433498,4.679802955665025,0.0,406
36047064200,Census Tract 642; Kings County; New York,36,47,64200,864,75735.0,751,35,86.92129629629629,4.050925925925926,1.5,864
36047064400,Census Tract 644; Kings County; New York,36,47,64400,774,79259.0,702,56,90.69767441860465,7.235142118863049,0.8,774
36047064600,Census Tract 646; Kings County; New York,36,47,64600,731,99067.0,705,26,96.44322845417237,3.556771545827633,0.0,731
36047064800,Census Tract 648; Kings County; New York,36,47,64800,605,111406.0,553,36,91.40495867768595,5.950413223140496,2.4,605
36047065000,Census Tract 650; Kings County; New York,36,47,65000,567,92673.0,489,73,86.24338624338624,12.874779541446207,16.3,567
36047065200,Census Tract 652; Kings County; New York,36,47,65200,506,94000.0,427,79,84.38735177865613,15.612648221343871,4.2,506
36047065400,Census Tract 654; Kings County; New York,36,47,65400,468,118000.0,460,8,98.29059829059828,1.7094017094017095,1.0,468
36047065600,Census Tract 656; Kings County; New York,36,47,65600,610,126607.0,605,5,99.18032786885246,0.819672131147541,0.0,610
36047065800,Census Tract 658; Kings County; New York,36,47,65800,611,92014.0,569,42,93.12602291325696,6.873977086743044,0.0,611
36047066000,Census Tract 660; Kings County; New York,36,47,66000,648,151719.0,616,20,95.06172839506173,3.0864197530864197,0.0,648
36047066200,Census Tract 662; Kings County; New York,36,47,66200,499,61083.0,482,17,96.59318637274549,3.406813627254509,2.3,499
36047066600,Census Tract 666; Kings County; New York,36,47,66600,0,,0,0,,,-666666666.0,0
36047067000,Census Tract 670; Kings County; New York,36,47,67000,953,91979.0,892,48,93.59916054564533,5.036726128016789,37.0,953
36047067200,Census Tract 672; Kings County; New York,36,47,67200,447,84280.0,413,34,92.39373601789708,7.606263982102908,34.6,447
36047067400,Census Tract 674; Kings County; New York,36,47,67400,565,126705.0,496,44,87.78761061946902,7.787610619469026,36.0,565
36047067600,Census Tract 676; Kings County; New York,36,47,67600,478,97750.0,465,13,97.28033472803347,2.7196652719665275,30.4,478
36047067800,Census Tract 678; Kings County; New York,36,47,67800,875,84612.0,843,21,96.34285714285714,2.4,61.3,875
36047068000,Census Tract 680; Kings County; New York,36,47,68000,561,114904.0,481,80,85.73975044563281,14.260249554367203,42.7,561
36047068200,Census Tract 682; Kings County; New York,36,47,68200,870,102000.0,782,15,89.88505747126436,1.7241379310344827,35.5,870
36047068600,Census Tract 686; Kings County; New York,36,47,68600,695,112646.0,677,8,97.41007194244604,1.1510791366906474,9.6,695
36047068800,Census Tract 688; Kings County; New York,36,47,68800,630,98750.0,547,76,86.82539682539682,12.063492063492063,41.4,630
36047069000,Census Tract 690; Kings County; New York,36,47,69000,539,137650.0,489,50,90.72356215213358,9.276437847866418,23.3,539
36047069200,Census Tract 692; Kings County; New York,36,47,69200,809,104712.0,775,27,95.7972805933251,3.3374536464771323,30.7,809
36047069601,Census Tract 696.01; Kings County; New York,36,47,69601,1295,101760.0,1189,93,91.81467181467181,7.181467181467181,28.8,1295
36047069602,Census Tract 696.02; Kings County; New York,36,47,69602,1954,119451.0,1783,171,91.24872057318322,8.751279426816785,20.2,1954
36047069800,Census Tract 698; Kings County; New York,36,47,69800,393,128194.0,357,36,90.83969465648855,9.16030534351145,2.9,393
36047070000,Census Tract 700; Kings County; New York,36,47,70000,600,95331.0,552,39,92.0,6.5,9.7,600
36047070201,Census Tract 702.01; Kings County; New York,36,47,70201,2151,130174.0,1983,168,92.18967921896792,7.810320781032078,1.4,2151
36047070202,Census Tract 702.02; Kings County; New York,36,47,70202,9,,9,0,100.0,0.0,0.0,9
36047070203,Census Tract 702.03; Kings County; New York,36,47,70203,0,,0,0,,,-666666666.0,0
36047070601,Census Tract 706.01; Kings County; New York,36,47,70601,880,148214.0,880,0,100.0,0.0,0.0,880
36047070602,Census Tract 706.02; Kings County; New York,36,47,70602,0,,0,0,,,-666666666.0,0
36047072000,Census Tract 720; Kings County; New York,36,47,72000,592,76912.0,532,39,89.86486486486487,6.587837837837837,51.1,592
36047072200,Census Tract 722; Kings County; New York,36,47,72200,923,,811,83,87.86565547128927,8.992416034669557,50.5,923
36047072400,Census Tract 724; Kings County; New York,36,47,72400,631,69263.0,539,84,85.41996830427892,13.312202852614895,52.5,631
36047072600,Census Tract 726; Kings County; New York,36,47,72600,731,97292.0,685,0,93.70725034199727,0.0,33.6,731
36047072800,Census Tract 728; Kings County; New York,36,47,72800,1410,62333.0,1300,98,92.19858156028369,6.950354609929079,34.7,1410
36047073000,Census Tract 730; Kings County; New York,36,47,73000,741,132227.0,698,36,94.1970310391363,4.8582995951417,41.8,741
36047073200,Census Tract 732; Kings County; New York,36,47,73200,683,85846.0,619,38,90.62957540263542,5.563689604685212,47.0,683
36047073400,Census Tract 734; Kings County; New York,36,47,73400,439,138750.0,374,65,85.19362186788155,14.80637813211845,24.9,439
36047073600,Census Tract 736; Kings County; New York,36,47,73600,1073,82358.0,995,69,92.73066169617894,6.430568499534017,25.2,1073
36047073800,Census Tract 738; Kings County; New York,36,47,73800,1296,73125.0,1255,0,96.83641975308642,0.0,26.8,1296
36047074000,Census Tract 740; Kings County; New York,36,47,74000,1045,68125.0,1011,28,96.7464114832536,2.6794258373205744,29.9,1045
36047074200,Census Tract 742; Kings County; New York,36,47,74200,934,80240.0,851,75,91.1134903640257,8.029978586723768,19.5,934
36047074400,Census Tract 744; Kings County; New York,36,47,74400,587,140391.0,562,15,95.74105621805792,2.555366269165247,0.1,587
36047074600,Census Tract 746; Kings County; New York,36,47,74600,654,113750.0,569,85,87.00305810397553,12.996941896024463,1.6,654
36047074800,Census Tract 748; Kings County; New York,36,47,74800,643,82266.0,534,86,83.04821150855366,13.374805598755831,14.7,643
36047075000,Census Tract 750; Kings County; New York,36,47,75000,982,103125.0,935,47,95.21384928716904,4.786150712830957,9.6,982
36047075200,Census Tract 752; Kings County; New York,36,47,75200,282,141250.0,282,0,100.0,0.0,0.0,282
36047075400,Census Tract 754; Kings County; New York,36,47,75400,428,115851.0,379,49,88.55140186915888,11.448598130841122,0.1,428
36047075600,Census Tract 756; Kings County; New York,36,47,75600,702,77273.0,636,25,90.5982905982906,3.561253561253561,1.7,702
36047075800,Census Tract 758; Kings County; New York,36,47,75800,678,69662.0,608,34,89.67551622418878,5.014749262536873,1.4,678
36047076000,Census Tract 760; Kings County; New York,36,47,76000,1182,75174.0,1062,82,89.84771573604061,6.937394247038917,0.0,1182
36047076200,Census Tract 762; Kings County; New York,36,47,76200,1551,54725.0,1379,167,88.91038039974211,10.767246937459705,5.3,1551
36047076400,Census Tract 764; Kings County; New York,36,47,76400,1617,81813.0,1381,70,85.40507111935683,4.329004329004329,18.4,1617
36047076600,Census Tract 766; Kings County; New York,36,47,76600,730,95563.0,710,20,97.26027397260275,2.73972602739726,36.6,730
36047076800,Census Tract 768; Kings County; New York,36,47,76800,1400,73125.0,1013,325,72.35714285714285,23.214285714285715,0.5,1400
36047077000,Census Tract 770; Kings County; New York,36,47,77000,1091,76921.0,1077,14,98.71677360219981,1.2832263978001834,33.9,1091
36047077200,Census Tract 772; Kings County; New York,36,47,77200,1119,80855.0,991,117,88.56121537086685,10.455764075067025,28.8,1119
36047077400,Census Tract 774; Kings County; New York,36,47,77400,1175,72488.0,1050,107,89.36170212765957,9.106382978723405,31.1,1175
36047077600,Census Tract 776; Kings County; New York,36,47,77600,1662,71983.0,1516,133,91.21540312876053,8.002406738868832,23.6,1662
36047078000,Census Tract 780; Kings County; New York,36,47,78000,602,138611.0,593,9,98.50498338870432,1.495016611295681,45.4,602
36047078200,Census Tract 782; Kings County; New York,36,47,78200,1613,69558.0,1454,136,90.14259144451333,8.431494110353379,45.2,1613
36047078400,Census Tract 784; Kings County; New York,36,47,78400,896,99653.0,829,46,92.52232142857143,5.133928571428571,29.6,896
36047078601,Census Tract 786.01; Kings County; New York,36,47,78601,928,87614.0,858,70,92.45689655172413,7.543103448275862,38.6,928
36047078602,Census Tract 786.02; Kings County; New York,36,47,78602,844,69615.0,721,104,85.42654028436019,12.322274881516588,43.7,844
36047078801,Census Tract 788.01; Kings County; New York,36,47,78801,693,55984.0,693,0,100.0,0.0,36.9,693
36047078802,Census Tract 788.02; Kings County; New York,36,47,78802,601,55179.0,526,61,87.52079866888519,10.149750415973378,45.8,601
36047079001,Census Tract 790.01; Kings County; New York,36,47,79001,444,67857.0,337,107,75.90090090090091,24.0990990990991,20.5,444
36047079002,Census Tract 790.02; Kings County; New York,36,47,79002,1252,57672.0,1018,223,81.30990415335462,17.811501597444092,40.8,1252
36047079201,Census Tract 792.01; Kings County; New York,36,47,79201,532,88162.0,440,92,82.70676691729322,17.293233082706767,35.5,532
36047079202,Census Tract 792.02; Kings County; New York,36,47,79202,670,85833.0,555,98,82.83582089552239,14.626865671641792,22.9,670
36047079400,Census Tract 794; Kings County; New York,36,47,79400,691,128295.0,667,14,96.52677279305355,2.0260492040520983,21.2,691
36047079601,Census Tract 796.01; Kings County; New York,36,47,79601,1581,81629.0,1379,178,87.22327640733712,11.258697027197975,21.8,1581
36047079602,Census Tract 796.02; Kings County; New York,36,47,79602,2034,77370.0,1723,311,84.70993117010816,15.29006882989184,27.2,2034
36047079801,Census Tract 798.01; Kings County; New York,36,47,79801,1523,94375.0,1439,24,94.48456992777413,1.5758371634931057,29.2,1523
36047079802,Census Tract 798.02; Kings County; New York,36,47,79802,2661,100438.0,2428,210,91.24389327320556,7.891770011273957,29.0,2661
36047080000,Census Tract 800; Kings County; New York,36,47,80000,1398,95769.0,1255,34,89.77110157367669,2.432045779685265,24.2,1398
36047080200,Census Tract 802; Kings County; New York,36,47,80200,1907,98942.0,1766,141,92.60618772941794,7.393812270582066,27.4,1907
36047080400,Census Tract 804; Kings County; New York,36,47,80400,1390,58413.0,1252,113,90.07194244604317,8.129496402877697,33.1,1390
36047080600,Census Tract 806; Kings County; New York,36,47,80600,1311,66632.0,1228,68,93.66895499618612,5.186880244088482,20.2,1311
36047080800,Census Tract 808; Kings County; New York,36,47,80800,743,13337.0,628,111,84.52220726783311,14.939434724091521,7.7,743
36047081000,Census Tract 810; Kings County; New York,36,47,81000,1027,88490.0,988,19,96.20253164556962,1.8500486854917235,29.1,1027
36047081400,Census Tract 814; Kings County; New York,36,47,81400,925,86705.0,874,51,94.48648648648648,5.513513513513513,50.7,925
36047081600,Census Tract 816; Kings County; New York,36,47,81600,937,92784.0,882,39,94.13020277481323,4.16221985058698,48.9,937
36047081800,Census Tract 818; Kings County; New York,36,47,81800,1894,76607.0,1765,102,93.18901795142555,5.385427666314678,33.8,1894
36047082000,Census Tract 820; Kings County; New York,36,47,82000,2302,56250.0,1520,722,66.02953953084274,31.364031277150307,47.4,2302
36047082200,Census Tract 822; Kings County; New York,36,47,82200,3158,85645.0,2816,320,89.17036098796707,10.13299556681444,25.6,3158
36047082400,Census Tract 824; Kings County; New York,36,47,82400,2067,57204.0,1759,287,85.09917755200775,13.884857281083695,32.7,2067
36047082600,Census Tract 826; Kings County; New York,36,47,82600,1806,72543.0,1730,76,95.79180509413068,4.208194905869324,35.4,1806
36047082800,Census Tract 828; Kings County; New York,36,47,82800,1414,61313.0,1213,201,85.78500707213578,14.214992927864214,45.1,1414
36047083000,Census Tract 830; Kings County; New York,36,47,83000,2168,83690.0,2139,29,98.66236162361623,1.3376383763837638,42.9,2168
36047083200,Census Tract 832; Kings County; New York,36,47,83200,830,100161.0,811,19,97.71084337349397,2.289156626506024,52.6,830
36047083400,Census Tract 834; Kings County; New York,36,47,83400,558,121000.0,523,35,93.72759856630825,6.272401433691756,34.4,558
36047083600,Census Tract 836; Kings County; New York,36,47,83600,631,96094.0,598,33,94.77020602218701,5.229793977812995,55.1,631
36047083800,Census Tract 838; Kings County; New York,36,47,83800,737,62950.0,701,0,95.11533242876527,0.0,53.4,737
36047084000,Census Tract 840; Kings County; New York,36,47,84000,809,81058.0,677,126,83.68355995055624,15.57478368355995,36.8,809
36047084600,Census Tract 846; Kings County; New York,36,47,84600,649,78304.0,585,50,90.13867488443759,7.704160246533127,58.3,649
36047084800,Census Tract 848; Kings County; New York,36,47,84800,555,86012.0,534,21,96.21621621621622,3.783783783783784,52.5,555
36047085000,Census Tract 850; Kings County; New York,36,47,85000,473,124219.0,457,16,96.61733615221986,3.382663847780127,36.9,473
36047085200,Census Tract 852; Kings County; New York,36,47,85200,0,,0,0,,,-666666666.0,0
36047085400,Census Tract 854; Kings County; New York,36,47,85400,792,78828.0,781,11,98.61111111111111,1.3888888888888888,42.8,792
36047085600,Census Tract 856; Kings County; New York,36,47,85600,1365,79107.0,1253,72,91.7948717948718,5.274725274725275,48.1,1365
36047085800,Census Tract 858; Kings County; New York,36,47,85800,789,83640.0,704,52,89.22686945500634,6.590621039290241,46.7,789
36047086000,Census Tract 860; Kings County; New York,36,47,86000,1048,77955.0,940,81,89.69465648854961,7.729007633587787,52.7,1048
36047086200,Census Tract 862; Kings County; New York,36,47,86200,1257,50438.0,1137,89,90.45346062052506,7.080350039777247,41.4,1257
36047086400,Census Tract 864; Kings County; New York,36,47,86400,826,71016.0,789,37,95.52058111380146,4.479418886198547,39.1,826
36047086600,Census Tract 866; Kings County; New York,36,47,86600,1249,79508.0,1141,80,91.35308246597278,6.405124099279423,54.8,1249
36047086800,Census Tract 868; Kings County; New York,36,47,86800,1299,45764.0,1217,69,93.68745188606621,5.311778290993072,51.8,1299
36047087000,Census Tract 870; Kings County; New York,36,47,87000,1046,61136.0,964,65,92.16061185468452,6.21414913957935,42.7,1046
36047087200,Census Tract 872; Kings County; New York,36,47,87200,1089,67650.0,1032,57,94.76584022038568,5.234159779614325,45.2,1089
36047087401,Census Tract 874.01; Kings County; New York,36,47,87401,1542,37207.0,1356,183,87.93774319066148,11.86770428015564,25.9,1542
36047087600,Census Tract 876; Kings County; New York,36,47,87600,715,48125.0,589,111,82.37762237762237,15.524475524475525,34.0,715
36047087800,Census Tract 878; Kings County; New York,36,47,87800,896,56633.0,851,45,94.97767857142857,5.022321428571429,43.7,896
36047088001,Census Tract 880.01; Kings County; New York,36,47,88001,777,42351.0,678,61,87.25868725868726,7.850707850707852,57.9,777
36047088002,Census Tract 880.02; Kings County; New York,36,47,88002,454,73750.0,454,0,100.0,0.0,23.8,454
36047088200,Census Tract 882; Kings County; New York,36,47,88200,2548,50754.0,2294,254,90.03139717425431,9.968602825745682,18.7,2548
36047088400,Census Tract 884; Kings County; New York,36,47,88400,1874,38594.0,1642,232,87.62006403415154,12.379935965848453,45.9,1874
36047088600,Census Tract 886; Kings County; New York,36,47,88600,1868,57674.0,1731,122,92.6659528907923,6.5310492505353315,17.3,1868
36047088800,Census Tract 888; Kings County; New York,36,47,88800,1480,55053.0,1186,294,80.13513513513514,19.864864864864863,45.3,1480
36047089000,Census Tract 890; Kings County; New York,36,47,89000,2331,72535.0,2272,59,97.46889746889747,2.531102531102531,36.6,2331
36047089200,Census Tract 892; Kings County; New York,36,47,89200,1455,,1236,164,84.94845360824742,11.271477663230241,20.7,1455
36047089400,Census Tract 894; Kings County; New York,36,47,89400,1163,63125.0,961,73,82.6311263972485,6.276870163370593,16.8,1163
36047089600,Census Tract 896; Kings County; New York,36,47,89600,1778,,1167,611,65.6355455568054,34.3644544431946,52.3,1778
36047089800,Census Tract 898; Kings County; New York,36,47,89800,743,66976.0,605,138,81.42664872139973,18.57335127860027,19.0,743
36047090000,Census Tract 900; Kings County; New York,36,47,90000,1864,20500.0,1609,96,86.3197424892704,5.150214592274678,19.0,1864
36047090200,Census Tract 902; Kings County; New York,36,47,90200,975,42612.0,789,143,80.92307692307692,14.666666666666666,16.4,975
36047090600,Census Tract 906; Kings County; New York,36,47,90600,1845,27908.0,1634,211,88.56368563685638,11.436314363143632,3.5,1845
36047090800,Census Tract 908; Kings County; New York,36,47,90800,1622,44875.0,1443,123,88.96424167694205,7.583230579531443,2.1,1622
36047091000,Census Tract 910; Kings County; New York,36,47,91000,2597,22321.0,2173,246,83.6734693877551,9.47246823257605,12.7,2597
36047091200,Census Tract 912; Kings County; New York,36,47,91200,2604,36899.0,1990,275,76.42089093701998,10.560675883256529,0.9,2604
36047091600,Census Tract 916; Kings County; New York,36,47,91600,1888,44825.0,1446,373,76.58898305084746,19.75635593220339,29.9,1888
36047091800,Census Tract 918; Kings County; New York,36,47,91800,1105,45942.0,820,285,74.2081447963801,25.791855203619914,9.8,1105
36047092000,Census Tract 920; Kings County; New York,36,47,92000,1345,44978.0,1187,0,88.25278810408922,0.0,12.5,1345
36047092200,Census Tract 922; Kings County; New York,36,47,92200,1307,50994.0,1194,81,91.35424636572303,6.197398622800306,36.0,1307
36047092400,Census Tract 924; Kings County; New York,36,47,92400,1061,37271.0,967,94,91.14043355325165,8.85956644674835,16.8,1061
36047092800,Census Tract 928; Kings County; New York,36,47,92800,1102,82250.0,1017,85,92.28675136116152,7.713248638838476,45.0,1102
36047093000,Census Tract 930; Kings County; New York,36,47,93000,929,105848.0,873,50,93.97201291711518,5.382131324004305,65.3,929
36047093200,Census Tract 932; Kings County; New York,36,47,93200,668,,625,43,93.562874251497,6.437125748502994,39.9,668
36047093400,Census Tract 934; Kings County; New York,36,47,93400,923,73321.0,817,106,88.51570964247021,11.484290357529794,53.8,923
36047093600,Census Tract 936; Kings County; New York,36,47,93600,692,79773.0,562,103,81.21387283236994,14.884393063583815,54.2,692
36047093800,Census Tract 938; Kings County; New York,36,47,93800,888,61827.0,863,15,97.18468468468468,1.6891891891891893,36.1,888
36047094401,Census Tract 944.01; Kings County; New York,36,47,94401,1080,82500.0,1048,11,97.03703703703704,1.0185185185185186,52.3,1080
36047094402,Census Tract 944.02; Kings County; New York,36,47,94402,1062,24676.0,884,151,83.2391713747646,14.218455743879474,13.0,1062
36047094600,Census Tract 946; Kings County; New York,36,47,94600,638,93667.0,599,18,93.8871473354232,2.8213166144200628,58.0,638
36047095000,Census Tract 950; Kings County; New York,36,47,95000,772,90083.0,704,68,91.19170984455958,8.808290155440414,46.5,772
36047095400,Census Tract 954; Kings County; New York,36,47,95400,1485,108309.0,1353,121,91.11111111111111,8.148148148148149,53.4,1485
36047095600,Census Tract 956; Kings County; New York,36,47,95600,1229,85603.0,1194,35,97.15215622457282,2.8478437754271764,57.4,1229
36047095800,Census Tract 958; Kings County; New York,36,47,95800,980,66452.0,915,65,93.36734693877551,6.63265306122449,45.8,980
36047096000,Census Tract 960; Kings County; New York,36,47,96000,0,,0,0,,,-666666666.0,0
36047096200,Census Tract 962; Kings County; New York,36,47,96200,356,73750.0,322,34,90.4494382022472,9.550561797752808,58.0,356
36047096400,Census Tract 964; Kings County; New York,36,47,96400,659,79934.0,587,53,89.07435508345979,8.042488619119878,56.3,659
36047096600,Census Tract 966; Kings County; New York,36,47,96600,628,76174.0,563,51,89.64968152866241,8.121019108280255,46.6,628
36047096800,Census Tract 968; Kings County; New York,36,47,96800,348,106250.0,339,0,97.41379310344827,0.0,45.8,348
36047097000,Census Tract 970; Kings County; New York,36,47,97000,732,108864.0,679,28,92.75956284153006,3.825136612021858,27.3,732
36047097400,Census Tract 974; Kings County; New York,36,47,97400,616,88688.0,543,56,88.14935064935064,9.090909090909092,28.5,616
36047098200,Census Tract 982; Kings County; New York,36,47,98200,1608,25125.0,1337,142,83.14676616915423,8.83084577114428,10.3,1608
36047098400,Census Tract 984; Kings County; New York,36,47,98400,548,102200.0,488,56,89.05109489051095,10.218978102189782,61.5,548
36047098600,Census Tract 986; Kings County; New York,36,47,98600,975,95508.0,948,27,97.23076923076923,2.769230769230769,31.1,975
36047098800,Census Tract 988; Kings County; New York,36,47,98800,914,81985.0,811,85,88.7308533916849,9.299781181619256,39.9,914
36047099000,Census Tract 990; Kings County; New York,36,47,99000,454,95326.0,438,16,96.47577092511013,3.524229074889868,32.4,454
36047099200,Census Tract 992; Kings County; New York,36,47,99200,663,95597.0,638,8,96.22926093514329,1.206636500754148,56.3,663
36047099400,Census Tract 994; Kings County; New York,36,47,99400,534,92738.0,529,5,99.06367041198502,0.9363295880149813,52.9,534
36047099600,Census Tract 996; Kings County; New York,36,47,99600,1011,86426.0,920,61,90.99901088031652,6.033630069238378,55.3,1011
36047099800,Census Tract 998; Kings County; New York,36,47,99800,1347,98153.0,1251,96,92.87305122494432,7.126948775055679,55.0,1347
36047100400,Census Tract 1004; Kings County; New York,36,47,100400,821,67063.0,768,42,93.54445797807551,5.115712545676005,67.7,821
36047100600,Census Tract 1006; Kings County; New York,36,47,100600,885,120518.0,847,38,95.70621468926554,4.293785310734463,50.7,885
36047100800,Census Tract 1008; Kings County; New York,36,47,100800,676,79250.0,622,54,92.01183431952663,7.988165680473373,48.4,676
36047101000,Census Tract 1010; Kings County; New York,36,47,101000,804,72115.0,778,26,96.76616915422885,3.233830845771144,31.9,804
36047101200,Census Tract 1012; Kings County; New York,36,47,101200,783,96726.0,748,35,95.53001277139208,4.469987228607918,42.1,783
36047101400,Census Tract 1014; Kings County; New York,36,47,101400,799,67961.0,709,86,88.73591989987484,10.763454317897372,48.8,799
36047101600,Census Tract 1016; Kings County; New York,36,47,101600,527,179803.0,470,57,89.18406072106262,10.815939278937382,44.1,527
36047101800,Census Tract 1018; Kings County; New York,36,47,101800,709,101996.0,641,68,90.40902679830748,9.590973201692526,41.3,709
36047102000,Census Tract 1020; Kings County; New York,36,47,102000,597,138672.0,597,0,100.0,0.0,46.8,597
36047102200,Census Tract 1022; Kings County; New York,36,47,102200,708,84063.0,665,43,93.92655367231639,6.073446327683616,40.5,708
36047102400,Census Tract 1024; Kings County; New York,36,47,102400,568,72955.0,556,6,97.88732394366197,1.056338028169014,54.2,568
36047102600,Census Tract 1026; Kings County; New York,36,47,102600,888,89055.0,828,51,93.24324324324324,5.743243243243244,59.5,888
36047102801,Census Tract 1028.01; Kings County; New York,36,47,102801,495,47063.0,481,14,97.17171717171718,2.8282828282828283,39.2,495
36047102802,Census Tract 1028.02; Kings County; New York,36,47,102802,0,,0,0,,,-666666666.0,0
36047103401,Census Tract 1034.01; Kings County; New York,36,47,103401,1641,17853.0,1278,249,77.87934186471664,15.173674588665447,11.0,1641
36047103402,Census Tract 1034.02; Kings County; New York,36,47,103402,0,,0,0,,,-666666666.0,0
36047105801,Census Tract 1058.01; Kings County; New York,36,47,105801,3188,20988.0,2367,793,74.24717691342535,24.87452948557089,13.9,3188
36047105804,Census Tract 1058.04; Kings County; New York,36,47,105804,2953,38380.0,2343,594,79.34304097527938,20.115137148662377,8.9,2953
36047107001,Census Tract 1070.01; Kings County; New York,36,47,107001,2103,62028.0,1992,92,94.72182596291013,4.37470280551593,10.3,2103
36047107002,Census Tract 1070.02; Kings County; New York,36,47,107002,0,,0,0,,,-666666666.0,0
36047107003,Census Tract 1070.03; Kings County; New York,36,47,107003,0,,0,0,,,-666666666.0,0
36047107800,Census Tract 1078; Kings County; New York,36,47,107800,1621,85947.0,1307,283,80.62924120913017,17.45835903763109,20.3,1621
36047109800,Census Tract 1098; Kings County; New York,36,47,109800,675,71635.0,638,37,94.51851851851852,5.481481481481482,41.0,675
36047110400,Census Tract 1104; Kings County; New York,36,47,110400,1692,72229.0,1499,146,88.5933806146572,8.628841607565011,15.6,1692
36047110600,Census Tract 1106; Kings County; New York,36,47,110600,1922,26536.0,1535,367,79.86472424557752,19.094693028095733,7.3,1922
36047111000,Census Tract 1110; Kings County; New York,36,47,111000,1416,35174.0,1301,102,91.87853107344633,7.203389830508475,6.4,1416
36047111600,Census Tract 1116; Kings County; New York,36,47,111600,1120,71021.0,1058,35,94.46428571428571,3.125,13.5,1120
36047111800,Census Tract 1118; Kings County; New York,36,47,111800,1231,66838.0,1203,28,97.72542648253453,2.274573517465475,5.7,1231
36047112000,Census Tract 1120; Kings County; New York,36,47,112000,1172,72167.0,1097,75,93.60068259385666,6.399317406143344,9.7,1172
36047112200,Census Tract 1122; Kings County; New York,36,47,112200,1520,44188.0,1404,94,92.36842105263158,6.184210526315789,20.6,1520
36047112400,Census Tract 1124; Kings County; New York,36,47,112400,1253,65472.0,1048,205,83.6392657621708,16.36073423782921,34.8,1253
36047112600,Census Tract 1126; Kings County; New York,36,47,112600,1709,52039.0,1508,201,88.2387361029842,11.761263897015798,14.2,1709
36047112800,Census Tract 1128; Kings County; New York,36,47,112800,1540,50426.0,1343,146,87.20779220779221,9.480519480519481,16.8,1540
36047113000,Census Tract 1130; Kings County; New York,36,47,113000,1723,51938.0,1533,111,88.9727219965177,6.4422518862449225,24.5,1723
36047113200,Census Tract 1132; Kings County; New York,36,47,113200,1058,46812.0,993,27,93.85633270321361,2.551984877126654,28.0,1058
36047113400,Census Tract 1134; Kings County; New York,36,47,113400,1073,47994.0,928,105,86.48648648648648,9.785647716682199,5.0,1073
36047114201,Census Tract 1142.01; Kings County; New York,36,47,114201,688,39531.0,620,56,90.11627906976744,8.13953488372093,5.6,688
36047114202,Census Tract 1142.02; Kings County; New York,36,47,114202,954,57826.0,791,151,82.91404612159329,15.828092243186584,2.8,954
36047114400,Census Tract 1144; Kings County; New York,36,47,114400,797,82422.0,668,62,83.81430363864492,7.779171894604768,8.8,797
36047114600,Census Tract 1146; Kings County; New York,36,47,114600,839,82228.0,780,59,92.9678188319428,7.032181168057211,1.9,839
36047115000,Census Tract 1150; Kings County; New York,36,47,115000,963,71044.0,769,94,79.85462097611631,9.76116303219107,9.5,963
36047115200,Census Tract 1152; Kings County; New York,36,47,115200,964,58542.0,763,159,79.149377593361,16.493775933609957,38.1,964
36047115600,Census Tract 1156; Kings County; New York,36,47,115600,1788,,1444,318,80.76062639821029,17.78523489932886,18.0,1788
36047115800,Census Tract 1158; Kings County; New York,36,47,115800,938,80091.0,827,71,88.16631130063965,7.569296375266525,34.4,938
36047116000,Census Tract 1160; Kings County; New York,36,47,116000,956,63839.0,903,30,94.4560669456067,3.1380753138075312,7.8,956
36047116200,Census Tract 1162; Kings County; New York,36,47,116200,925,72614.0,821,60,88.75675675675676,6.486486486486487,28.5,925
36047116400,Census Tract 1164; Kings County; New York,36,47,116400,1271,76713.0,1203,35,94.6498819826908,2.753737214791503,17.6,1271
36047116600,Census Tract 1166; Kings County; New York,36,47,116600,1150,42158.0,1123,17,97.65217391304348,1.4782608695652173,10.6,1150
36047116800,Census Tract 1168; Kings County; New York,36,47,116800,754,86563.0,754,0,100.0,0.0,2.8,754
36047117000,Census Tract 1170; Kings County; New York,36,47,117000,793,27840.0,763,30,96.21689785624213,3.783102143757881,6.3,793
36047117201,Census Tract 1172.01; Kings County; New York,36,47,117201,718,73214.0,662,30,92.20055710306406,4.178272980501393,8.6,718
36047117202,Census Tract 1172.02; Kings County; New York,36,47,117202,1470,78190.0,1431,39,97.34693877551021,2.6530612244897958,10.9,1470
36047117400,Census Tract 1174; Kings County; New York,36,47,117400,1309,46583.0,1217,92,92.97173414820473,7.028265851795264,4.9,1309
36047117601,Census Tract 1176.01; Kings County; New York,36,47,117601,918,80882.0,857,29,93.35511982570807,3.159041394335512,3.2,918
36047117602,Census Tract 1176.02; Kings County; New York,36,47,117602,1068,86848.0,1063,5,99.53183520599251,0.46816479400749067,16.1,1068
36047117800,Census Tract 1178; Kings County; New York,36,47,117800,609,59034.0,574,35,94.25287356321839,5.747126436781609,0.1,609
36047118000,Census Tract 1180; Kings County; New York,36,47,118000,0,,0,0,,,-666666666.0,0
36047118201,Census Tract 1182.01; Kings County; New York,36,47,118201,984,82976.0,937,47,95.22357723577237,4.776422764227642,3.9,984
36047118202,Census Tract 1182.02; Kings County; New York,36,47,118202,1050,91802.0,963,64,91.71428571428571,6.095238095238095,4.7,1050
36047118400,Census Tract 1184; Kings County; New York,36,47,118400,1621,68093.0,1575,0,97.16224552745219,0.0,2.4,1621
36047118600,Census Tract 1186; Kings County; New York,36,47,118600,816,78971.0,778,38,95.34313725490196,4.6568627450980395,5.9,816
36047118800,Census Tract 1188; Kings County; New York,36,47,118800,1123,75394.0,1024,64,91.18432769367764,5.699020480854853,5.8,1123
36047119000,Census Tract 1190; Kings County; New York,36,47,119000,717,39733.0,671,46,93.58437935843794,6.4156206415620645,8.1,717
36047119200,Census Tract 1192; Kings County; New York,36,47,119200,1166,89286.0,1000,153,85.76329331046311,13.121783876500858,11.9,1166
36047119400,Census Tract 1194; Kings County; New York,36,47,119400,1483,84332.0,1443,29,97.30276466621713,1.9554956169925826,8.2,1483
36047119600,Census Tract 1196; Kings County; New York,36,47,119600,2068,56513.0,1924,144,93.03675048355899,6.963249516441006,6.6,2068
36047119800,Census Tract 1198; Kings County; New York,36,47,119800,1048,60289.0,962,86,91.79389312977099,8.206106870229007,1.6,1048
36047120000,Census Tract 1200; Kings County; New York,36,47,120000,1039,47031.0,767,272,73.82098171318574,26.179018286814244,2.2,1039
36047120200,Census Tract 1202; Kings County; New York,36,47,120200,495,100559.0,474,21,95.75757575757575,4.242424242424243,1.1,495
36047120801,Census Tract 1208.01; Kings County; New York,36,47,120801,1474,109091.0,1438,36,97.55766621438264,2.4423337856173677,16.0,1474
36047120802,Census Tract 1208.02; Kings County; New York,36,47,120802,1723,30853.0,1688,20,97.968659315148,1.1607661056297156,5.1,1723
36047120803,Census Tract 1208.03; Kings County; New York,36,47,120803,561,45125.0,551,10,98.2174688057041,1.7825311942959003,10.8,561
36047121000,Census Tract 1210; Kings County; New York,36,47,121000,1625,23136.0,1410,176,86.76923076923076,10.830769230769231,3.6,1625
36047121400,Census Tract 1214; Kings County; New York,36,47,121400,1574,38094.0,1458,89,92.6302414231258,5.65438373570521,8.5,1574
36047122000,Census Tract 1220; Kings County; New York,36,47,122000,2540,83594.0,2429,70,95.62992125984252,2.7559055118110236,22.9,2540
36047123700,Census Tract 1237; Kings County; New York,36,47,123700,1546,55861.0,815,662,52.71668822768435,42.82018111254851,0.4,1546
36047150200,Census Tract 1502; Kings County; New York,36,47,150200,1082,132727.0,1073,9,99.16820702402957,0.8317929759704251,3.7,1082
36047152200,Census Tract 1522; Kings County; New York,36,47,152200,1417,215602.0,1407,0,99.29428369795342,0.0,2.4,1417
36047990100,Census Tract 9901; Kings County; New York,36,47,990100,0,,0,0,,,-666666666.0,0
36061000100,Census Tract 1; New York County; New York,36,61,100,0,,0,0,,,-666666666.0,0
36061000201,Census Tract 2.01; New York County; New York,36,61,201,852,37353.0,750,75,88.02816901408451,8.80281690140845,0.3,852
36061000202,Census Tract 2.02; New York County; New York,36,61,202,3163,36688.0,2528,467,79.92412266835282,14.764464116345241,0.7,3163
36061000500,Census Tract 5; New York County; New York,36,61,500,0,,0,0,,,-666666666.0,0
36061000600,Census Tract 6; New York County; New York,36,61,600,5393,36893.0,4603,617,85.35138142035973,11.440756536250696,0.1,5393
36061000700,Census Tract 7; New York County; New York,36,61,700,5224,190388.0,5080,144,97.24349157733538,2.756508422664625,1.8,5224
36061000800,Census Tract 8; New York County; New York,36,61,800,4355,31262.0,3647,640,83.74282433983926,14.695752009184845,0.3,4355
36061000900,Census Tract 9; New York County; New York,36,61,900,893,250001.0,884,0,98.99216125419933,0.0,0.0,893
36061001001,Census Tract 10.01; New York County; New York,36,61,1001,812,140000.0,785,27,96.67487684729063,3.32512315270936,2.1,812
36061001002,Census Tract 10.02; New York County; New York,36,61,1002,2510,23796.0,2325,0,92.62948207171314,0.0,0.5,2510
36061001200,Census Tract 12; New York County; New York,36,61,1200,1934,114318.0,1700,199,87.90072388831437,10.289555325749742,0.0,1934
36061001300,Census Tract 13; New York County; New York,36,61,1300,2780,171923.0,2749,31,98.88489208633094,1.1151079136690647,0.7,2780
36061001401,Census Tract 14.01; New York County; New York,36,61,1401,1799,103750.0,1556,243,86.49249583101724,13.507504168982768,1.2,1799
36061001402,Census Tract 14.02; New York County; New York,36,61,1402,1751,90469.0,1563,143,89.2632781267847,8.166761850371216,0.5,1751
36061001501,Census Tract 15.01; New York County; New York,36,61,1501,3259,125712.0,2998,196,91.99140840748696,6.014114759128567,1.1,3259
36061001502,Census Tract 15.02; New York County; New York,36,61,1502,3952,204310.0,3927,25,99.36740890688259,0.6325910931174089,0.3,3952
36061001600,Census Tract 16; New York County; New York,36,61,1600,3499,35875.0,2465,987,70.44869962846528,28.20805944555587,0.0,3499
36061001800,Census Tract 18; New York County; New York,36,61,1800,3170,76726.0,2793,377,88.10725552050474,11.892744479495269,0.4,3170
36061002000,Census Tract 20; New York County; New York,36,61,2000,1962,30792.0,1657,232,84.45463812436289,11.824668705402651,2.9,1962
36061002100,Census Tract 21; New York County; New York,36,61,2100,3387,250001.0,3354,0,99.02568644818423,0.0,0.0,3387
36061002201,Census Tract 22.01; New York County; New York,36,61,2201,3079,39961.0,2448,354,79.50633322507308,11.497239363429685,5.6,3079
36061002202,Census Tract 22.02; New York County; New York,36,61,2202,1052,151711.0,1013,27,96.29277566539925,2.5665399239543727,0.4,1052
36061002400,Census Tract 24; New York County; New York,36,61,2400,1797,21092.0,1535,205,85.42014468558709,11.407902058987201,1.9,1797
36061002500,Census Tract 25; New York County; New York,36,61,2500,1786,20597.0,1195,473,66.90929451287793,26.483762597984324,1.1,1786
36061002601,Census Tract 26.01; New York County; New York,36,61,2601,1942,30350.0,1799,113,92.63645726055613,5.818743563336766,1.5,1942
36061002602,Census Tract 26.02; New York County; New York,36,61,2602,1913,89970.0,1743,82,91.11343439623629,4.286461055933089,0.7,1913
36061002700,Census Tract 27; New York County; New York,36,61,2700,620,124063.0,405,53,65.32258064516128,8.548387096774194,0.1,620
36061002800,Census Tract 28; New York County; New York,36,61,2800,3205,70691.0,2920,178,91.10764430577223,5.553822152886116,0.3,3205
36061002901,Census Tract 29.01; New York County; New York,36,61,2901,69,11094.0,12,51,17.391304347826086,73.91304347826086,0.2,69
36061002902,Census Tract 29.02; New York County; New York,36,61,2902,1741,,1431,310,82.19414129810454,17.805858701895463,0.0,1741
36061003001,Census Tract 30.01; New York County; New York,36,61,3001,2294,88889.0,2293,1,99.95640802092414,0.043591979075850044,3.5,2294
36061003002,Census Tract 30.02; New York County; New York,36,61,3002,1727,74691.0,1589,114,92.0092646207296,6.601042269832079,0.0,1727
36061003100,Census Tract 31; New York County; New York,36,61,3100,823,189250.0,747,76,90.76549210206562,9.234507897934387,0.1,823
36061003200,Census Tract 32; New York County; New York,36,61,3200,4746,101294.0,4433,277,93.40497260851242,5.836493889591235,0.4,4746
36061003300,Census Tract 33; New York County; New York,36,61,3300,2660,250001.0,2592,0,97.44360902255639,0.0,0.0,2660
36061003400,Census Tract 34; New York County; New York,36,61,3400,3944,121413.0,3781,140,95.86713995943205,3.5496957403651117,0.0,3944
36061003601,Census Tract 36.01; New York County; New York,36,61,3601,1550,57000.0,1383,138,89.2258064516129,8.903225806451614,3.0,1550
36061003602,Census Tract 36.02; New York County; New York,36,61,3602,1514,155000.0,1479,35,97.68824306472919,2.3117569352708056,0.6,1514
36061003700,Census Tract 37; New York County; New York,36,61,3700,1934,250001.0,1863,9,96.32885211995863,0.4653567735263702,0.0,1934
36061003800,Census Tract 38; New York County; New York,36,61,3800,4511,78220.0,4248,215,94.16980713810685,4.766127244513411,0.2,4511
36061003900,Census Tract 39; New York County; New York,36,61,3900,2699,202542.0,2610,89,96.70248240088922,3.2975175991107815,0.0,2699
36061004001,Census Tract 40.01; New York County; New York,36,61,4001,1866,150661.0,1817,41,97.37406216505894,2.197213290460879,0.0,1866
36061004002,Census Tract 40.02; New York County; New York,36,61,4002,1920,196833.0,1844,76,96.04166666666667,3.958333333333333,0.7,1920
36061004100,Census Tract 41; New York County; New York,36,61,4100,3095,101893.0,2820,235,91.11470113085622,7.592891760904685,0.0,3095
36061004200,Census Tract 42; New York County; New York,36,61,4200,1461,131083.0,1429,7,97.80971937029432,0.4791238877481177,1.5,1461
36061004300,Census Tract 43; New York County; New York,36,61,4300,2591,122730.0,2524,67,97.41412582014665,2.5858741798533385,0.0,2591
36061004400,Census Tract 44; New York County; New York,36,61,4400,8189,153280.0,7330,410,89.51031872023447,5.006716326779827,0.4,8189
36061004500,Census Tract 45; New York County; New York,36,61,4500,414,170714.0,406,8,98.06763285024155,1.932367149758454,0.1,414
36061004700,Census Tract 47; New York County; New York,36,61,4700,1486,148750.0,1486,0,100.0,0.0,0.0,1486
36061004800,Census Tract 48; New York County; New York,36,61,4800,3101,161973.0,2953,114,95.22734601741374,3.6762334730732023,1.5,3101
36061004900,Census Tract 49; New York County; New York,36,61,4900,2320,146967.0,2294,0,98.87931034482759,0.0,0.0,2320
36061005000,Census Tract 50; New York County; New York,36,61,5000,2760,205250.0,2760,0,100.0,0.0,0.0,2760
36061005200,Census Tract 52; New York County; New York,36,61,5200,1382,238750.0,1368,14,98.98697539797395,1.0130246020260492,0.0,1382
36061005400,Census Tract 54; New York County; New York,36,61,5400,2747,124732.0,2716,0,98.87149617764834,0.0,0.2,2747
36061005501,Census Tract 55.01; New York County; New York,36,61,5501,2001,214306.0,1940,26,96.95152423788106,1.299350324837581,0.5,2001
36061005502,Census Tract 55.02; New York County; New York,36,61,5502,1099,179844.0,1042,28,94.81346678798907,2.547770700636943,0.0,1099
36061005600,Census Tract 56; New York County; New York,36,61,5600,2363,183068.0,2173,131,91.95937367752856,5.543800253914515,6.3,2363
36061005700,Census Tract 57; New York County; New York,36,61,5700,1355,201116.0,1345,0,99.2619926199262,0.0,0.0,1355
36061005800,Census Tract 58; New York County; New York,36,61,5800,2193,206827.0,2193,0,100.0,0.0,1.1,2193
36061005900,Census Tract 59; New York County; New York,36,61,5900,2381,181375.0,2315,66,97.22805543889123,2.771944561108778,0.0,2381
36061006000,Census Tract 60; New York County; New York,36,61,6000,2338,202600.0,2302,13,98.46022241231822,0.5560307955517536,0.4,2338
36061006100,Census Tract 61; New York County; New York,36,61,6100,2214,179167.0,2181,0,98.50948509485094,0.0,2.6,2214
36061006200,Census Tract 62; New York County; New York,36,61,6200,1253,104255.0,1129,16,90.10375099760574,1.2769353551476457,1.2,1253
36061006300,Census Tract 63; New York County; New York,36,61,6300,3445,173995.0,3413,17,99.0711175616836,0.49346879535558785,0.3,3445
36061006400,Census Tract 64; New York County; New York,36,61,6400,4322,130385.0,4151,95,96.04349838037946,2.1980564553447475,2.2,4322
36061006500,Census Tract 65; New York County; New York,36,61,6500,3042,133781.0,2994,48,98.42209072978304,1.5779092702169626,1.6,3042
36061006600,Census Tract 66; New York County; New York,36,61,6600,6431,101990.0,5786,127,89.97045560566008,1.9748095164049135,1.2,6431
36061006700,Census Tract 67; New York County; New York,36,61,6700,3118,131304.0,2835,251,90.92366901860167,8.050032071840924,0.4,3118
36061006800,Census Tract 68; New York County; New York,36,61,6800,3276,128919.0,3220,56,98.29059829059828,1.7094017094017095,0.0,3276
36061006900,Census Tract 69; New York County; New York,36,61,6900,1219,238563.0,1219,0,100.0,0.0,0.5,1219
36061007001,Census Tract 70.01; New York County; New York,36,61,7001,2140,163287.0,1885,49,88.08411214953271,2.289719626168224,0.1,2140
36061007002,Census Tract 70.02; New York County; New York,36,61,7002,2055,154965.0,1939,116,94.35523114355232,5.644768856447689,2.5,2055
36061007100,Census Tract 71; New York County; New York,36,61,7100,2510,150449.0,2492,0,99.28286852589642,0.0,0.0,2510
36061007200,Census Tract 72; New York County; New York,36,61,7200,4078,136979.0,3962,61,97.15546836684649,1.4958312898479647,2.3,4078
36061007300,Census Tract 73; New York County; New York,36,61,7300,3552,175590.0,3418,134,96.22747747747748,3.772522522522523,2.3,3552
36061007400,Census Tract 74; New York County; New York,36,61,7400,2825,215511.0,2741,31,97.02654867256638,1.0973451327433628,0.7,2825
36061007500,Census Tract 75; New York County; New York,36,61,7500,2294,187647.0,2231,63,97.25370531822145,2.746294681778553,0.0,2294
36061007600,Census Tract 76; New York County; New York,36,61,7600,1441,193644.0,1347,38,93.47675225537822,2.63705759888966,3.3,1441
36061007700,Census Tract 77; New York County; New York,36,61,7700,3274,230044.0,3259,15,99.54184483811851,0.4581551618814905,1.6,3274
36061007800,Census Tract 78; New York County; New York,36,61,7800,4885,134092.0,4312,349,88.27021494370521,7.14431934493347,1.0,4885
36061007900,Census Tract 79; New York County; New York,36,61,7900,2437,200079.0,2279,141,93.51661879359868,5.785802215839146,0.0,2437
36061008000,Census Tract 80; New York County; New York,36,61,8000,2830,177105.0,2774,14,98.02120141342756,0.49469964664310956,0.2,2830
36061008100,Census Tract 81; New York County; New York,36,61,8100,3824,134538.0,3678,83,96.18200836820083,2.170502092050209,2.3,3824
36061008200,Census Tract 82; New York County; New York,36,61,8200,2006,162143.0,1945,61,96.95912263210369,3.0408773678963112,7.5,2006
36061008300,Census Tract 83; New York County; New York,36,61,8300,2014,75000.0,1621,286,80.4865938430983,14.200595829195631,2.2,2014
36061008400,Census Tract 84; New York County; New York,36,61,8400,1005,231546.0,980,17,97.51243781094527,1.691542288557214,7.5,1005
36061008601,Census Tract 86.01; New York County; New York,36,61,8601,1817,145054.0,1817,0,100.0,0.0,0.0,1817
36061008602,Census Tract 86.02; New York County; New York,36,61,8602,0,,0,0,,,-666666666.0,0
36061008603,Census Tract 86.03; New York County; New York,36,61,8603,2710,200735.0,2502,95,92.32472324723247,3.505535055350553,1.2,2710
36061008700,Census Tract 87; New York County; New York,36,61,8700,3223,150384.0,3161,32,98.07632640397146,0.9928637914986037,3.8,3223
36061008800,Census Tract 88; New York County; New York,36,61,8800,5152,112782.0,5064,88,98.29192546583852,1.7080745341614907,1.0,5152
36061008900,Census Tract 89; New York County; New York,36,61,8900,2991,102260.0,2923,49,97.72651287194918,1.6382480775660315,3.7,2991
36061009000,Census Tract 90; New York County; New York,36,61,9000,4272,156381.0,4156,116,97.28464419475655,2.715355805243446,0.0,4272
36061009100,Census Tract 91; New York County; New York,36,61,9100,3801,160866.0,3684,80,96.92186266771901,2.104709287029729,1.3,3801
36061009200,Census Tract 92; New York County; New York,36,61,9200,922,166638.0,912,10,98.91540130151843,1.0845986984815619,0.0,922
36061009300,Census Tract 93; New York County; New York,36,61,9300,5508,122586.0,5176,196,93.97240377632534,3.558460421205519,2.8,5508
36061009400,Census Tract 94; New York County; New York,36,61,9400,34,81875.0,32,0,94.11764705882352,0.0,0.0,34
36061009500,Census Tract 95; New York County; New York,36,61,9500,1499,222321.0,1417,30,94.52968645763843,2.0013342228152102,1.2,1499
36061009600,Census Tract 96; New York County; New York,36,61,9600,95,,95,0,100.0,0.0,5.5,95
36061009700,Census Tract 97; New York County; New York,36,61,9700,2631,71537.0,2401,171,91.25807677689092,6.499429874572406,0.7,2631
36061009800,Census Tract 98; New York County; New York,36,61,9800,4705,171745.0,4444,178,94.45270988310308,3.783209351753454,0.2,4705
36061009901,Census Tract 99.01; New York County; New York,36,61,9901,1034,250001.0,1023,11,98.93617021276596,1.0638297872340425,1.5,1034
36061009902,Census Tract 99.02; New York County; New York,36,61,9902,2314,162845.0,2154,0,93.08556611927399,0.0,2.5,2314
36061009903,Census Tract 99.03; New York County; New York,36,61,9903,891,187596.0,815,12,91.47025813692481,1.3468013468013467,1.0,891
36061010000,Census Tract 100; New York County; New York,36,61,10000,1137,99875.0,1099,0,96.65787159190853,0.0,1.5,1137
36061010100,Census Tract 101; New York County; New York,36,61,10100,1169,108304.0,1169,0,100.0,0.0,2.3,1169
36061010200,Census Tract 102; New York County; New York,36,61,10200,157,,157,0,100.0,0.0,0.0,157
36061010300,Census Tract 103; New York County; New York,36,61,10300,1594,180200.0,1550,32,97.2396486825596,2.0075282308657463,1.7,1594
36061010400,Census Tract 104; New York County; New York,36,61,10400,596,193026.0,587,9,98.48993288590604,1.5100671140939599,0.0,596
36061010601,Census Tract 106.01; New York County; New York,36,61,10601,4152,249091.0,4003,109,96.41136801541425,2.6252408477842004,0.2,4152
36061010602,Census Tract 106.02; New York County; New York,36,61,10602,2146,207717.0,1866,36,86.9524697110904,1.6775396085740912,1.3,2146
36061010801,Census Tract 108.01; New York County; New York,36,61,10801,1891,160719.0,1778,98,94.02432575356954,5.182443151771549,2.1,1891
36061010802,Census Tract 108.02; New York County; New York,36,61,10802,2217,134004.0,2121,79,95.66982408660351,3.5633739287325215,0.1,2217
36061010803,Census Tract 108.03; New York County; New York,36,61,10803,1053,119178.0,977,33,92.78252611585945,3.133903133903134,3.3,1053
36061010900,Census Tract 109; New York County; New York,36,61,10900,113,163542.0,105,3,92.92035398230088,2.6548672566371683,0.0,113
36061011000,Census Tract 110; New York County; New York,36,61,11000,3675,150164.0,3587,88,97.60544217687075,2.3945578231292517,0.0,3675
36061011100,Census Tract 111; New York County; New York,36,61,11100,2704,104451.0,2520,79,93.19526627218934,2.921597633136095,0.0,2704
36061011201,Census Tract 112.01; New York County; New York,36,61,11201,516,163750.0,499,10,96.70542635658916,1.937984496124031,0.0,516
36061011202,Census Tract 112.02; New York County; New York,36,61,11202,313,211563.0,313,0,100.0,0.0,0.0,313
36061011203,Census Tract 112.03; New York County; New York,36,61,11203,528,167083.0,510,6,96.5909090909091,1.1363636363636365,0.0,528
36061011300,Census Tract 113; New York County; New York,36,61,11300,49,93750.0,49,0,100.0,0.0,0.0,49
36061011401,Census Tract 114.01; New York County; New York,36,61,11401,667,155809.0,633,27,94.90254872563717,4.0479760119940025,1.0,667
36061011402,Census Tract 114.02; New York County; New York,36,61,11402,1164,206818.0,1122,32,96.3917525773196,2.7491408934707904,1.0,1164
36061011500,Census Tract 115; New York County; New York,36,61,11500,1840,138750.0,1715,106,93.20652173913044,5.760869565217392,0.7,1840
36061011600,Census Tract 116; New York County; New York,36,61,11600,1889,90212.0,1347,407,71.30757014293276,21.54579142403388,1.1,1889
36061011700,Census Tract 117; New York County; New York,36,61,11700,3465,116048.0,3418,47,98.64357864357865,1.3564213564213565,2.9,3465
36061011800,Census Tract 118; New York County; New York,36,61,11800,5148,139332.0,4911,237,95.3962703962704,4.603729603729604,0.7,5148
36061011900,Census Tract 119; New York County; New York,36,61,11900,1102,18050.0,514,449,46.64246823956443,40.74410163339383,2.7,1102
36061012000,Census Tract 120; New York County; New York,36,61,12000,1925,192644.0,1748,177,90.8051948051948,9.194805194805195,0.5,1925
36061012101,Census Tract 121.01; New York County; New York,36,61,12101,1822,63690.0,1566,227,85.94950603732163,12.458836443468716,0.9,1822
36061012102,Census Tract 121.02; New York County; New York,36,61,12102,3336,62727.0,2829,393,84.8021582733813,11.780575539568346,0.0,3336
36061012200,Census Tract 122; New York County; New York,36,61,12200,1469,222909.0,1443,26,98.23008849557522,1.7699115044247788,0.0,1469
36061012400,Census Tract 124; New York County; New York,36,61,12400,4870,120709.0,4538,257,93.18275154004107,5.277207392197125,0.1,4870
36061012500,Census Tract 125; New York County; New York,36,61,12500,1452,171250.0,1349,80,92.90633608815428,5.5096418732782375,1.4,1452
36061012601,Census Tract 126.01; New York County; New York,36,61,12601,3582,136781.0,3516,0,98.1574539363484,0.0,0.0,3582
36061012602,Census Tract 126.02; New York County; New York,36,61,12602,2632,232600.0,2489,66,94.56686930091185,2.507598784194529,0.0,2632
36061012700,Census Tract 127; New York County; New York,36,61,12700,4117,120214.0,3678,187,89.3368957979111,4.542142336652902,1.2,4117
36061012800,Census Tract 128; New York County; New York,36,61,12800,2623,220256.0,2453,157,93.51887152115897,5.985512771635531,0.0,2623
36061012901,Census Tract 129.01; New York County; New York,36,61,12901,4252,110917.0,4047,72,95.17873941674506,1.6933207902163687,0.0,4252
36061012902,Census Tract 129.02; New York County; New York,36,61,12902,1250,128625.0,1230,20,98.4,1.6,1.9,1250
36061013000,Census Tract 130; New York County; New York,36,61,13000,1528,212414.0,1398,90,91.49214659685863,5.890052356020942,0.0,1528
36061013100,Census Tract 131; New York County; New York,36,61,13100,2250,136346.0,1959,271,87.06666666666666,12.044444444444444,2.2,2250
36061013201,Census Tract 132.01; New York County; New York,36,61,13201,1243,162054.0,1231,12,99.0345937248592,0.9654062751407884,0.0,1243
36061013202,Census Tract 132.02; New York County; New York,36,61,13202,2173,101836.0,2023,15,93.09710078232858,0.6902899217671422,5.2,2173
36061013203,Census Tract 132.03; New York County; New York,36,61,13203,2410,122083.0,2389,21,99.12863070539419,0.8713692946058091,3.6,2410
36061013300,Census Tract 133; New York County; New York,36,61,13300,3787,156829.0,3550,183,93.74174808555586,4.832321098494851,0.5,3787
36061013400,Census Tract 134; New York County; New York,36,61,13400,5643,122163.0,5507,136,97.5899344320397,2.410065567960305,0.5,5643
36061013501,Census Tract 135.01; New York County; New York,36,61,13501,2622,99265.0,2482,140,94.66056445461479,5.339435545385203,3.4,2622
36061013502,Census Tract 135.02; New York County; New York,36,61,13502,3655,95693.0,3414,228,93.40629274965801,6.238030095759234,5.5,3655
36061013601,Census Tract 136.01; New York County; New York,36,61,13601,972,250001.0,931,32,95.78189300411523,3.292181069958848,0.0,972
36061013602,Census Tract 136.02; New York County; New York,36,61,13602,2695,188628.0,2678,17,99.3692022263451,0.6307977736549165,0.0,2695
36061013603,Census Tract 136.03; New York County; New York,36,61,13603,2688,171912.0,2585,56,96.16815476190477,2.083333333333333,0.0,2688
36061013604,Census Tract 136.04; New York County; New York,36,61,13604,2435,168970.0,2395,40,98.35728952772074,1.642710472279261,0.0,2435
36061013700,Census Tract 137; New York County; New York,36,61,13700,3696,167929.0,3696,0,100.0,0.0,3.1,3696
36061013800,Census Tract 138; New York County; New York,36,61,13800,6641,141343.0,6488,80,97.69613010088842,1.2046378557446167,0.1,6641
36061013900,Census Tract 139; New York County; New York,36,61,13900,6055,108071.0,5639,416,93.12964492155244,6.870355078447564,0.7,6055
36061014000,Census Tract 140; New York County; New York,36,61,14000,3967,220066.0,3787,143,95.46256617091001,3.6047390975548272,0.0,3967
36061014200,Census Tract 142; New York County; New York,36,61,14200,1876,250001.0,1863,0,99.30703624733475,0.0,0.0,1876
36061014300,Census Tract 143; New York County; New York,36,61,14300,0,,0,0,,,-666666666.0,0
36061014401,Census Tract 144.01; New York County; New York,36,61,14401,2637,202966.0,2637,0,100.0,0.0,0.3,2637
36061014402,Census Tract 144.02; New York County; New York,36,61,14402,3764,163086.0,3714,24,98.67162592986185,0.6376195536663124,1.1,3764
36061014500,Census Tract 145; New York County; New York,36,61,14500,3412,186389.0,3221,86,94.4021101992966,2.5205158264947247,2.3,3412
36061014601,Census Tract 146.01; New York County; New York,36,61,14601,2362,139000.0,2107,242,89.20406435224386,10.245554614733276,0.3,2362
36061014602,Census Tract 146.02; New York County; New York,36,61,14602,4997,132457.0,4816,181,96.3778266960176,3.622173303982389,0.2,4997
36061014700,Census Tract 147; New York County; New York,36,61,14700,1372,202250.0,1354,0,98.68804664723032,0.0,2.6,1372
36061014801,Census Tract 148.01; New York County; New York,36,61,14801,1350,202670.0,1307,16,96.81481481481482,1.1851851851851851,0.0,1350
36061014802,Census Tract 148.02; New York County; New York,36,61,14802,3428,179304.0,3391,0,98.92065344224036,0.0,1.8,3428
36061014900,Census Tract 149; New York County; New York,36,61,14900,3003,184896.0,2932,36,97.63569763569764,1.1988011988011988,0.2,3003
36061015001,Census Tract 150.01; New York County; New York,36,61,15001,1049,194659.0,1026,11,97.80743565300286,1.0486177311725453,0.0,1049
36061015002,Census Tract 150.02; New York County; New York,36,61,15002,2260,243480.0,2227,17,98.53982300884955,0.7522123893805309,0.0,2260
36061015101,Census Tract 151.01; New York County; New York,36,61,15101,1554,44107.0,1263,229,81.27413127413128,14.736164736164737,6.7,1554
36061015102,Census Tract 151.02; New York County; New York,36,61,15102,4895,163274.0,4581,207,93.585291113381,4.228804902962207,1.2,4895
36061015200,Census Tract 152; New York County; New York,36,61,15200,3559,114940.0,3445,93,96.79685304860915,2.6130935656083167,1.9,3559
36061015301,Census Tract 153.01; New York County; New York,36,61,15301,2464,186949.0,2385,54,96.79383116883116,2.1915584415584415,0.0,2464
36061015302,Census Tract 153.02; New York County; New York,36,61,15302,3079,189453.0,3008,71,97.6940565118545,2.305943488145502,0.7,3079
36061015401,Census Tract 154.01; New York County; New York,36,61,15401,3290,122860.0,2863,92,87.02127659574468,2.7963525835866263,0.3,3290
36061015402,Census Tract 154.02; New York County; New York,36,61,15402,1676,147589.0,1658,0,98.92601431980907,0.0,3.4,1676
36061015403,Census Tract 154.03; New York County; New York,36,61,15403,2503,129848.0,2399,104,95.84498601677987,4.155013983220136,0.5,2503
36061015501,Census Tract 155.01; New York County; New York,36,61,15501,2956,186563.0,2876,17,97.2936400541272,0.5751014884979702,0.0,2956
36061015502,Census Tract 155.02; New York County; New York,36,61,15502,2796,177841.0,2729,67,97.60371959942775,2.396280400572246,0.0,2796
36061015601,Census Tract 156.01; New York County; New York,36,61,15601,2794,127741.0,2622,154,93.84395132426629,5.511811023622047,0.4,2794
36061015602,Census Tract 156.02; New York County; New York,36,61,15602,1180,75147.0,1132,17,95.9322033898305,1.4406779661016949,1.4,1180
36061015700,Census Tract 157; New York County; New York,36,61,15700,6442,163712.0,6252,139,97.05060540204904,2.157714995343061,0.7,6442
36061015801,Census Tract 158.01; New York County; New York,36,61,15801,2526,177750.0,2503,0,99.08946951702296,0.0,0.0,2526
36061015802,Census Tract 158.02; New York County; New York,36,61,15802,2138,95391.0,1717,392,80.3086997193639,18.33489242282507,1.2,2138
36061015900,Census Tract 159; New York County; New York,36,61,15900,5169,156830.0,4969,148,96.13077964790094,2.8632230605532984,0.6,5169
36061016001,Census Tract 160.01; New York County; New York,36,61,16001,1534,250001.0,1475,59,96.15384615384616,3.8461538461538463,0.0,1534
36061016002,Census Tract 160.02; New York County; New York,36,61,16002,1214,121216.0,1029,179,84.76112026359144,14.744645799011533,0.1,1214
36061016100,Census Tract 161; New York County; New York,36,61,16100,3627,179179.0,3613,14,99.61400606561897,0.38599393438103113,0.0,3627
36061016200,Census Tract 162; New York County; New York,36,61,16200,4596,21942.0,3945,427,85.83550913838121,9.290687554395126,5.2,4596
36061016300,Census Tract 163; New York County; New York,36,61,16300,3288,137829.0,3110,144,94.58637469586375,4.37956204379562,0.6,3288
36061016400,Census Tract 164; New York County; New York,36,61,16400,3425,26544.0,2644,732,77.19708029197079,21.37226277372263,9.3,3425
36061016500,Census Tract 165; New York County; New York,36,61,16500,3327,213661.0,3162,96,95.04057709648332,2.8854824165915236,0.6,3327
36061016600,Census Tract 166; New York County; New York,36,61,16600,2953,50231.0,2604,305,88.18151032847952,10.32847951236031,1.3,2953
36061016700,Census Tract 167; New York County; New York,36,61,16700,3323,250001.0,3248,51,97.74300331026181,1.534757749021968,0.0,3323
36061016800,Census Tract 168; New York County; New York,36,61,16800,1864,38833.0,1531,282,82.13519313304721,15.128755364806867,5.5,1864
36061016900,Census Tract 169; New York County; New York,36,61,16900,4585,184268.0,4557,28,99.38931297709924,0.6106870229007634,1.6,4585
36061017000,Census Tract 170; New York County; New York,36,61,17000,3452,40027.0,2581,692,74.76825028968713,20.046349942062573,2.8,3452
36061017100,Census Tract 171; New York County; New York,36,61,17100,4208,149587.0,4144,45,98.47908745247148,1.0693916349809884,0.9,4208
36061017200,Census Tract 172; New York County; New York,36,61,17200,2545,34024.0,1982,409,77.87819253438114,16.070726915520627,3.5,2545
36061017300,Census Tract 173; New York County; New York,36,61,17300,4590,162625.0,4143,364,90.26143790849673,7.930283224400872,0.0,4590
36061017401,Census Tract 174.01; New York County; New York,36,61,17401,2341,37975.0,1909,359,81.54634771465186,15.335326783425888,5.7,2341
36061017402,Census Tract 174.02; New York County; New York,36,61,17402,1196,81364.0,1041,87,87.04013377926422,7.274247491638795,5.6,1196
36061017500,Census Tract 175; New York County; New York,36,61,17500,4600,154118.0,4268,241,92.78260869565217,5.239130434782608,0.6,4600
36061017700,Census Tract 177; New York County; New York,36,61,17700,4794,108429.0,4418,348,92.15686274509804,7.259073842302878,1.1,4794
36061017800,Census Tract 178; New York County; New York,36,61,17800,1865,56875.0,1545,298,82.84182305630027,15.978552278820377,1.4,1865
36061017900,Census Tract 179; New York County; New York,36,61,17900,4369,168859.0,4063,281,92.99610894941634,6.431677729457541,0.3,4369
36061018000,Census Tract 180; New York County; New York,36,61,18000,2966,50560.0,2743,123,92.48145650708024,4.146999325691167,4.6,2966
36061018100,Census Tract 181; New York County; New York,36,61,18100,4210,114966.0,4102,62,97.43467933491686,1.4726840855106889,2.3,4210
36061018200,Census Tract 182; New York County; New York,36,61,18200,3074,38942.0,2449,401,79.66818477553676,13.044892648015615,14.2,3074
36061018300,Census Tract 183; New York County; New York,36,61,18300,3827,149367.0,3755,72,98.11863078129083,1.8813692187091717,0.8,3827
36061018400,Census Tract 184; New York County; New York,36,61,18400,3286,51866.0,2829,445,86.09251369446135,13.542300669506998,6.3,3286
36061018500,Census Tract 185; New York County; New York,36,61,18500,2832,162188.0,2733,81,96.5042372881356,2.860169491525424,0.4,2832
36061018600,Census Tract 186; New York County; New York,36,61,18600,1980,50862.0,1702,217,85.95959595959596,10.95959595959596,2.2,1980
36061018700,Census Tract 187; New York County; New York,36,61,18700,3668,145459.0,3396,153,92.58451472191929,4.171210468920393,0.0,3668
36061018800,Census Tract 188; New York County; New York,36,61,18800,2520,27237.0,2293,199,90.9920634920635,7.896825396825396,0.0,2520
36061018900,Census Tract 189; New York County; New York,36,61,18900,4625,44263.0,4196,323,90.72432432432433,6.983783783783784,3.4,4625
36061019000,Census Tract 190; New York County; New York,36,61,19000,1645,121438.0,1467,139,89.17933130699089,8.44984802431611,5.2,1645
36061019100,Census Tract 191; New York County; New York,36,61,19100,4294,142500.0,3855,240,89.77643223102004,5.589194224499301,4.4,4294
36061019200,Census Tract 192; New York County; New York,36,61,19200,1626,19525.0,1306,256,80.31980319803198,15.744157441574416,1.2,1626
36061019300,Census Tract 193; New York County; New York,36,61,19300,4112,67090.0,3696,310,89.88326848249028,7.538910505836576,0.7,4112
36061019400,Census Tract 194; New York County; New York,36,61,19400,2845,45750.0,2211,606,77.7152899824253,21.300527240773288,3.3,2845
36061019500,Census Tract 195; New York County; New York,36,61,19500,3246,122103.0,3057,107,94.17744916820703,3.296364756623537,0.8,3246
36061019600,Census Tract 196; New York County; New York,36,61,19600,1841,28069.0,1307,449,70.99402498642043,24.388919065725148,7.3,1841
36061019701,Census Tract 197.01; New York County; New York,36,61,19701,515,57292.0,515,0,100.0,0.0,1.5,515
36061019702,Census Tract 197.02; New York County; New York,36,61,19702,1173,111250.0,1140,33,97.18670076726342,2.813299232736573,6.2,1173
36061019800,Census Tract 198; New York County; New York,36,61,19800,1029,108250.0,929,89,90.2818270165209,8.649173955296405,3.6,1029
36061019900,Census Tract 199; New York County; New York,36,61,19900,3196,83929.0,2798,39,87.54693366708386,1.2202753441802252,0.3,3196
36061020000,Census Tract 200; New York County; New York,36,61,20000,1651,57034.0,1293,265,78.31617201695941,16.050878255602665,3.8,1651
36061020101,Census Tract 201.01; New York County; New York,36,61,20101,337,152250.0,297,0,88.13056379821958,0.0,0.0,337
36061020102,Census Tract 201.02; New York County; New York,36,61,20102,1609,83375.0,1517,19,94.28216283405843,1.1808576755748912,13.0,1609
36061020300,Census Tract 203; New York County; New York,36,61,20300,466,67528.0,306,14,65.66523605150213,3.004291845493562,1.1,466
36061020500,Census Tract 205; New York County; New York,36,61,20500,1197,196576.0,1047,0,87.468671679198,0.0,0.9,1197
36061020600,Census Tract 206; New York County; New York,36,61,20600,1786,50864.0,1651,135,92.44120940649496,7.55879059350504,6.3,1786
36061020701,Census Tract 207.01; New York County; New York,36,61,20701,1091,92788.0,818,5,74.97708524289642,0.458295142071494,4.2,1091
36061020800,Census Tract 208; New York County; New York,36,61,20800,2235,73197.0,2154,81,96.3758389261745,3.6241610738255035,8.4,2235
36061020901,Census Tract 209.01; New York County; New York,36,61,20901,1440,25357.0,1161,279,80.625,19.375,5.7,1440
36061021000,Census Tract 210; New York County; New York,36,61,21000,3322,43645.0,2932,270,88.26008428657434,8.127633955448525,10.1,3322
36061021100,Census Tract 211; New York County; New York,36,61,21100,4189,65753.0,3460,558,82.59727858677489,13.320601575555024,6.3,4189
36061021200,Census Tract 212; New York County; New York,36,61,21200,2678,69702.0,2328,282,86.93054518297237,10.53024645257655,3.0,2678
36061021303,Census Tract 213.03; New York County; New York,36,61,21303,2390,57119.0,2202,188,92.13389121338912,7.866108786610878,2.1,2390
36061021400,Census Tract 214; New York County; New York,36,61,21400,2113,51068.0,1865,248,88.26313298627544,11.736867013724563,6.1,2113
36061021500,Census Tract 215; New York County; New York,36,61,21500,1821,56884.0,1652,169,90.71938495332235,9.28061504667765,3.4,1821
36061021600,Census Tract 216; New York County; New York,36,61,21600,3361,73831.0,3084,91,91.75840523653675,2.707527521570961,1.2,3361
36061021703,Census Tract 217.03; New York County; New York,36,61,21703,0,,0,0,,,12.1,0
36061021800,Census Tract 218; New York County; New York,36,61,21800,2971,47193.0,2652,246,89.26287445304611,8.280040390440929,3.6,2971
36061021900,Census Tract 219; New York County; New York,36,61,21900,2052,21938.0,1852,200,90.25341130604289,9.746588693957115,0.6,2052
36061022000,Census Tract 220; New York County; New York,36,61,22000,3032,74151.0,2721,166,89.74274406332454,5.474934036939314,0.3,3032
36061022102,Census Tract 221.02; New York County; New York,36,61,22102,1138,67669.0,1116,12,98.06678383128296,1.054481546572935,5.8,1138
36061022200,Census Tract 222; New York County; New York,36,61,22200,1571,84071.0,1435,63,91.3430935709739,4.010184595798854,4.2,1571
36061022301,Census Tract 223.01; New York County; New York,36,61,22301,2610,50668.0,2209,343,84.6360153256705,13.141762452107281,2.4,2610
36061022302,Census Tract 223.02; New York County; New York,36,61,22302,1294,50238.0,1095,174,84.62132921174653,13.446676970633694,0.7,1294
36061022400,Census Tract 224; New York County; New York,36,61,22400,2766,19326.0,2238,461,80.91106290672451,16.666666666666664,8.5,2766
36061022500,Census Tract 225; New York County; New York,36,61,22500,3968,53424.0,3417,461,86.11391129032258,11.617943548387096,1.7,3968
36061022600,Census Tract 226; New York County; New York,36,61,22600,2210,86559.0,1956,181,88.50678733031674,8.190045248868778,4.4,2210
36061022700,Census Tract 227; New York County; New York,36,61,22700,2389,63574.0,2207,112,92.38174968606111,4.6881540393470065,9.6,2389
36061022800,Census Tract 228; New York County; New York,36,61,22800,2789,63413.0,2489,141,89.24345643599857,5.055575475080674,4.6,2789
36061022900,Census Tract 229; New York County; New York,36,61,22900,2976,60346.0,2805,127,94.25403225806451,4.26747311827957,2.6,2976
36061023000,Census Tract 230; New York County; New York,36,61,23000,3909,27860.0,3160,589,80.83908928114607,15.067792274238936,4.4,3909
36061023100,Census Tract 231; New York County; New York,36,61,23100,2724,69949.0,2671,53,98.05433186490455,1.9456681350954477,9.7,2724
36061023200,Census Tract 232; New York County; New York,36,61,23200,3410,27967.0,3251,142,95.33724340175954,4.164222873900293,1.2,3410
36061023300,Census Tract 233; New York County; New York,36,61,23300,2751,84927.0,2688,63,97.70992366412213,2.2900763358778624,5.1,2751
36061023400,Census Tract 234; New York County; New York,36,61,23400,2463,62346.0,2306,121,93.62565976451482,4.912708079577751,3.9,2463
36061023501,Census Tract 235.01; New York County; New York,36,61,23501,2817,71893.0,2662,129,94.49769258075968,4.579339723109691,1.9,2817
36061023502,Census Tract 235.02; New York County; New York,36,61,23502,867,44491.0,728,139,83.9677047289504,16.032295271049595,6.7,867
36061023600,Census Tract 236; New York County; New York,36,61,23600,4594,43679.0,3882,455,84.50152372659991,9.904222899434044,1.0,4594
36061023700,Census Tract 237; New York County; New York,36,61,23700,2651,60404.0,2520,122,95.05846850245192,4.602036967182195,5.3,2651
36061023802,Census Tract 238.02; New York County; New York,36,61,23802,1990,100870.0,1811,110,91.00502512562814,5.527638190954774,0.9,1990
36061023803,Census Tract 238.03; New York County; New York,36,61,23803,1632,80724.0,1545,87,94.66911764705883,5.330882352941177,2.0,1632
36061023804,Census Tract 238.04; New York County; New York,36,61,23804,1553,183536.0,1436,0,92.46619446233098,0.0,2.2,1553
36061023900,Census Tract 239; New York County; New York,36,61,23900,1271,48816.0,1104,106,86.86073957513769,8.339889850511408,3.5,1271
36061024000,Census Tract 240; New York County; New York,36,61,24000,0,,0,0,,,1.6,0
36061024100,Census Tract 241; New York County; New York,36,61,24100,3228,59500.0,2827,355,87.57744733581166,10.997521685254027,1.1,3228
36061024200,Census Tract 242; New York County; New York,36,61,24200,2037,42617.0,1842,164,90.42709867452136,8.051055473735886,4.5,2037
36061024301,Census Tract 243.01; New York County; New York,36,61,24301,1583,74226.0,1473,72,93.05116866708781,4.548325963360708,2.6,1583
36061024302,Census Tract 243.02; New York County; New York,36,61,24302,2663,23574.0,2233,342,83.85279759669547,12.84265865565152,0.7,2663
36061024500,Census Tract 245; New York County; New York,36,61,24500,5442,51403.0,4423,1019,81.2752664461595,18.7247335538405,0.8,5442
36061024700,Census Tract 247; New York County; New York,36,61,24700,2705,83605.0,2137,503,79.00184842883549,18.595194085027728,6.9,2705
36061024900,Census Tract 249; New York County; New York,36,61,24900,470,68000.0,442,28,94.04255319148936,5.957446808510639,9.0,470
36061025100,Census Tract 251; New York County; New York,36,61,25100,839,37839.0,770,61,91.77592371871275,7.270560190703218,2.6,839
36061025300,Census Tract 253; New York County; New York,36,61,25300,4028,72763.0,3816,137,94.73684210526315,3.401191658391261,1.8,4028
36061025500,Census Tract 255; New York County; New York,36,61,25500,1908,78315.0,1714,65,89.83228511530397,3.4067085953878404,0.6,1908
36061025700,Census Tract 257; New York County; New York,36,61,25700,2260,104033.0,2138,113,94.60176991150443,5.0,5.7,2260
36061025900,Census Tract 259; New York County; New York,36,61,25900,1806,79429.0,1614,177,89.3687707641196,9.800664451827243,5.3,1806
36061026100,Census Tract 261; New York County; New York,36,61,26100,3719,40352.0,3289,353,88.43775208389351,9.491798870664157,0.6,3719
36061026300,Census Tract 263; New York County; New York,36,61,26300,2804,67024.0,2433,243,86.76890156918688,8.666191155492156,1.2,2804
36061026500,Census Tract 265; New York County; New York,36,61,26500,2942,92434.0,2834,34,96.32902787219578,1.1556764106050306,1.0,2942
36061026700,Census Tract 267; New York County; New York,36,61,26700,591,51250.0,518,26,87.64805414551607,4.39932318104907,0.0,591
36061026900,Census Tract 269; New York County; New York,36,61,26900,2470,52389.0,2118,247,85.74898785425101,10.0,0.0,2470
36061027100,Census Tract 271; New York County; New York,36,61,27100,3179,71595.0,2879,213,90.56307014784524,6.700220195029884,2.1,3179
36061027300,Census Tract 273; New York County; New York,36,61,27300,3116,122654.0,3065,28,98.3632862644416,0.8985879332477535,0.2,3116
36061027500,Census Tract 275; New York County; New York,36,61,27500,1794,170000.0,1656,51,92.3076923076923,2.842809364548495,0.3,1794
36061027700,Census Tract 277; New York County; New York,36,61,27700,1997,58086.0,1950,47,97.64646970455684,2.3535302954431647,1.2,1997
36061027900,Census Tract 279; New York County; New York,36,61,27900,4302,68596.0,4039,263,93.88656438865644,6.113435611343561,0.1,4302
36061028100,Census Tract 281; New York County; New York,36,61,28100,1459,143194.0,1430,29,98.0123372172721,1.9876627827278959,2.0,1459
36061028300,Census Tract 283; New York County; New York,36,61,28300,3239,64803.0,3034,185,93.67088607594937,5.711639394874961,0.8,3239
36061028500,Census Tract 285; New York County; New York,36,61,28500,2286,51026.0,2091,195,91.46981627296587,8.530183727034121,3.4,2286
36061028700,Census Tract 287; New York County; New York,36,61,28700,1634,89476.0,1494,103,91.43206854345165,6.303549571603427,1.3,1634
36061029100,Census Tract 291; New York County; New York,36,61,29100,3912,62348.0,3534,268,90.33742331288343,6.850715746421268,0.9,3912
36061029300,Census Tract 293; New York County; New York,36,61,29300,2921,35987.0,2312,483,79.15097569325573,16.535433070866144,2.8,2921
36061029500,Census Tract 295; New York County; New York,36,61,29500,3345,87108.0,3239,81,96.83109118086696,2.4215246636771304,3.6,3345
36061029700,Census Tract 297; New York County; New York,36,61,29700,0,,0,0,,,0.0,0
36061029900,Census Tract 299; New York County; New York,36,61,29900,1399,34731.0,1156,124,82.63045032165832,8.863473909935667,1.5,1399
36061030300,Census Tract 303; New York County; New York,36,61,30300,1629,94208.0,1553,49,95.33456108041743,3.0079803560466543,0.8,1629
36061030700,Census Tract 307; New York County; New York,36,61,30700,1835,108073.0,1766,0,96.23978201634877,0.0,3.3,1835
36061030900,Census Tract 309; New York County; New York,36,61,30900,3355,40438.0,3060,238,91.20715350223547,7.093889716840536,4.0,3355
36061031100,Census Tract 311; New York County; New York,36,61,31100,0,,0,0,,,-666666666.0,0
36061031703,Census Tract 317.03; New York County; New York,36,61,31703,2353,250001.0,2269,14,96.4300892477688,0.5949851253718658,6.1,2353
36061031704,Census Tract 317.04; New York County; New York,36,61,31704,4683,218917.0,4466,112,95.3662182361734,2.391629297458894,0.5,4683
36061031900,Census Tract 319; New York County; New York,36,61,31900,0,,0,0,,,-666666666.0,0
36081000101,Census Tract 1.01; Queens County; New York,36,81,101,2381,134304.0,2368,13,99.4540109197816,0.5459890802183957,0.8,2381
36081000102,Census Tract 1.02; Queens County; New York,36,81,102,3371,213135.0,3258,0,96.64787896766538,0.0,0.5,3371
36081000103,Census Tract 1.03; Queens County; New York,36,81,103,21,,21,0,100.0,0.0,0.0,21
36081000104,Census Tract 1.04; Queens County; New York,36,81,104,26,,26,0,100.0,0.0,4.3,26
36081000200,Census Tract 2; Queens County; New York,36,81,200,854,84643.0,824,30,96.4871194379391,3.51288056206089,1.4,854
36081000400,Census Tract 4; Queens County; New York,36,81,400,1113,74107.0,1009,74,90.65588499550763,6.64869721473495,1.2,1113
36081000600,Census Tract 6; Queens County; New York,36,81,600,986,101042.0,924,32,93.71196754563894,3.2454361054766734,2.0,986
36081000701,Census Tract 7.01; Queens County; New York,36,81,701,1690,136875.0,1680,0,99.40828402366864,0.0,0.6,1690
36081000702,Census Tract 7.02; Queens County; New York,36,81,702,1944,132368.0,1750,150,90.02057613168725,7.716049382716049,0.8,1944
36081000800,Census Tract 8; Queens County; New York,36,81,800,1071,111856.0,929,142,86.74136321195145,13.258636788048554,6.3,1071
36081001000,Census Tract 10; Queens County; New York,36,81,1000,1139,85625.0,1123,14,98.59525899912204,1.2291483757682178,2.1,1139
36081001200,Census Tract 12; Queens County; New York,36,81,1200,1250,86524.0,1061,119,84.88,9.520000000000001,3.2,1250
36081001400,Census Tract 14; Queens County; New York,36,81,1400,1217,80456.0,1128,45,92.68693508627773,3.697617091207888,2.5,1217
36081001600,Census Tract 16; Queens County; New York,36,81,1600,760,77500.0,714,16,93.94736842105263,2.1052631578947367,2.4,760
36081001800,Census Tract 18; Queens County; New York,36,81,1800,887,118694.0,886,1,99.88726042841037,0.11273957158962795,7.0,887
36081001901,Census Tract 19.01; Queens County; New York,36,81,1901,1031,232109.0,982,0,95.24733268671193,0.0,4.7,1031
36081001902,Census Tract 19.02; Queens County; New York,36,81,1902,4077,171458.0,3797,89,93.13220505273485,2.182977679666421,0.8,4077
36081001903,Census Tract 19.03; Queens County; New York,36,81,1903,1303,172986.0,1303,0,100.0,0.0,1.1,1303
36081002000,Census Tract 20; Queens County; New York,36,81,2000,472,138750.0,453,6,95.97457627118644,1.2711864406779663,1.2,472
36081002200,Census Tract 22; Queens County; New York,36,81,2200,662,71667.0,635,12,95.9214501510574,1.812688821752266,1.2,662
36081002400,Census Tract 24; Queens County; New York,36,81,2400,688,88421.0,682,6,99.12790697674419,0.872093023255814,4.1,688
36081002500,Census Tract 25; Queens County; New York,36,81,2500,3363,26044.0,2358,643,70.11596788581623,19.119833482010108,3.0,3363
36081002600,Census Tract 26; Queens County; New York,36,81,2600,676,135267.0,632,28,93.49112426035504,4.142011834319527,0.7,676
36081002800,Census Tract 28; Queens County; New York,36,81,2800,1108,89545.0,1063,45,95.93862815884476,4.061371841155235,2.0,1108
36081003000,Census Tract 30; Queens County; New York,36,81,3000,439,120417.0,408,31,92.9384965831435,7.061503416856492,0.4,439
36081003100,Census Tract 31; Queens County; New York,36,81,3100,885,121908.0,795,64,89.83050847457628,7.231638418079096,3.3,885
36081003200,Census Tract 32; Queens County; New York,36,81,3200,565,130160.0,533,32,94.33628318584071,5.663716814159292,4.5,565
36081003301,Census Tract 33.01; Queens County; New York,36,81,3301,2330,152056.0,2184,49,93.73390557939915,2.1030042918454934,1.0,2330
36081003302,Census Tract 33.02; Queens County; New York,36,81,3302,416,80385.0,353,60,84.85576923076923,14.423076923076922,1.7,416
36081003400,Census Tract 34; Queens County; New York,36,81,3400,728,74922.0,664,64,91.20879120879121,8.791208791208792,0.7,728
36081003600,Census Tract 36; Queens County; New York,36,81,3600,1070,64459.0,905,165,84.57943925233646,15.42056074766355,2.0,1070
36081003700,Census Tract 37; Queens County; New York,36,81,3700,0,,0,0,,,-666666666.0,0
36081003800,Census Tract 38; Queens County; New York,36,81,3800,702,86146.0,644,47,91.73789173789174,6.695156695156696,1.8,702
36081003900,Census Tract 39; Queens County; New York,36,81,3900,519,59988.0,474,37,91.32947976878613,7.129094412331407,0.0,519
36081004001,Census Tract 40.01; Queens County; New York,36,81,4001,670,92500.0,652,8,97.31343283582089,1.1940298507462688,0.0,670
36081004002,Census Tract 40.02; Queens County; New York,36,81,4002,545,49379.0,525,20,96.3302752293578,3.669724770642202,0.3,545
36081004200,Census Tract 42; Queens County; New York,36,81,4200,1155,67270.0,1141,14,98.7878787878788,1.2121212121212122,4.3,1155
36081004300,Census Tract 43; Queens County; New York,36,81,4300,1008,26814.0,743,171,73.71031746031747,16.964285714285715,14.9,1008
36081004401,Census Tract 44.01; Queens County; New York,36,81,4401,1133,61920.0,1035,67,91.3503971756399,5.913503971756398,5.2,1133
36081004500,Census Tract 45; Queens County; New York,36,81,4500,1506,97462.0,1404,87,93.22709163346613,5.776892430278884,3.3,1506
36081004700,Census Tract 47; Queens County; New York,36,81,4700,1818,56333.0,1613,195,88.72387238723873,10.726072607260726,4.3,1818
36081005000,Census Tract 50; Queens County; New York,36,81,5000,0,,0,0,,,-666666666.0,0
36081005100,Census Tract 51; Queens County; New York,36,81,5100,854,90104.0,819,27,95.90163934426229,3.161592505854801,0.6,854
36081005200,Census Tract 52; Queens County; New York,36,81,5200,660,76300.0,627,33,95.0,5.0,1.9,660
36081005300,Census Tract 53; Queens County; New York,36,81,5300,2392,113816.0,2326,66,97.24080267558529,2.7591973244147154,0.9,2392
36081005400,Census Tract 54; Queens County; New York,36,81,5400,1738,78633.0,1504,219,86.53624856156502,12.600690448791715,0.9,1738
36081005500,Census Tract 55; Queens County; New York,36,81,5500,580,81310.0,537,34,92.58620689655173,5.862068965517241,0.0,580
36081005700,Census Tract 57; Queens County; New York,36,81,5700,1825,94142.0,1759,66,96.38356164383562,3.616438356164384,0.7,1825
36081005800,Census Tract 58; Queens County; New York,36,81,5800,1899,91875.0,1670,223,87.94102159031068,11.743022643496577,2.9,1899
36081005900,Census Tract 59; Queens County; New York,36,81,5900,1847,76813.0,1729,108,93.61126150514347,5.8473199783432595,0.3,1847
36081006100,Census Tract 61; Queens County; New York,36,81,6100,2856,106413.0,2618,170,91.66666666666666,5.952380952380952,0.0,2856
36081006201,Census Tract 62.01; Queens County; New York,36,81,6201,2936,61954.0,2352,570,80.10899182561307,19.414168937329702,1.3,2936
36081006202,Census Tract 62.02; Queens County; New York,36,81,6202,2395,91902.0,2329,66,97.24425887265136,2.7557411273486427,0.3,2395
36081006300,Census Tract 63; Queens County; New York,36,81,6300,2925,137746.0,2829,96,96.71794871794872,3.282051282051282,2.0,2925
36081006501,Census Tract 65.01; Queens County; New York,36,81,6501,1648,94628.0,1599,49,97.02669902912622,2.9733009708737863,1.1,1648
36081006502,Census Tract 65.02; Queens County; New York,36,81,6502,1829,80539.0,1783,31,97.48496446145435,1.694915254237288,3.9,1829
36081006900,Census Tract 69; Queens County; New York,36,81,6900,2165,121526.0,2076,89,95.8891454965358,4.1108545034642034,1.2,2165
36081007100,Census Tract 71; Queens County; New York,36,81,7100,1847,89562.0,1819,12,98.48402815376286,0.6497022198159177,1.0,1847
36081007300,Census Tract 73; Queens County; New York,36,81,7300,2076,101691.0,2023,53,97.44701348747591,2.5529865125240847,1.0,2076
36081007500,Census Tract 75; Queens County; New York,36,81,7500,2591,79634.0,2439,92,94.13353917406407,3.5507526051717484,1.9,2591
36081007700,Census Tract 77; Queens County; New York,36,81,7700,899,139267.0,859,40,95.55061179087876,4.4493882091212456,0.8,899
36081007900,Census Tract 79; Queens County; New York,36,81,7900,1381,111875.0,1314,67,95.1484431571325,4.851556842867487,3.6,1381
36081008100,Census Tract 81; Queens County; New York,36,81,8100,687,122798.0,653,29,95.0509461426492,4.2212518195050945,0.0,687
36081008300,Census Tract 83; Queens County; New York,36,81,8300,963,94803.0,909,21,94.39252336448598,2.1806853582554515,1.0,963
36081008500,Census Tract 85; Queens County; New York,36,81,8500,409,82708.0,409,0,100.0,0.0,2.2,409
36081008600,Census Tract 86; Queens County; New York,36,81,8600,980,89667.0,867,113,88.46938775510203,11.53061224489796,2.6,980
36081008700,Census Tract 87; Queens County; New York,36,81,8700,1695,,1343,313,79.2330383480826,18.466076696165192,1.4,1695
36081008800,Census Tract 88; Queens County; New York,36,81,8800,1223,127313.0,1159,48,94.76696647587899,3.9247751430907605,2.2,1223
36081009100,Census Tract 91; Queens County; New York,36,81,9100,1016,99070.0,1005,11,98.91732283464567,1.0826771653543308,3.5,1016
36081009400,Census Tract 94; Queens County; New York,36,81,9400,786,73636.0,735,34,93.51145038167938,4.325699745547073,6.2,786
36081009500,Census Tract 95; Queens County; New York,36,81,9500,879,127946.0,848,17,96.47326507394767,1.9340159271899888,1.5,879
36081009600,Census Tract 96; Queens County; New York,36,81,9600,1002,124423.0,994,8,99.20159680638723,0.7984031936127743,12.9,1002
36081009700,Census Tract 97; Queens County; New York,36,81,9700,1519,121088.0,1408,111,92.69256089532587,7.307439104674128,0.7,1519
36081009800,Census Tract 98; Queens County; New York,36,81,9800,729,84458.0,673,44,92.31824417009602,6.035665294924554,14.9,729
36081009900,Census Tract 99; Queens County; New York,36,81,9900,0,,0,0,,,-666666666.0,0
36081010000,Census Tract 100; Queens County; New York,36,81,10000,927,114327.0,894,33,96.44012944983818,3.559870550161812,13.2,927
36081010100,Census Tract 101; Queens County; New York,36,81,10100,1096,147308.0,1008,56,91.97080291970804,5.109489051094891,0.0,1096
36081010200,Census Tract 102; Queens County; New York,36,81,10200,850,107270.0,810,23,95.29411764705881,2.705882352941176,8.7,850
36081010300,Census Tract 103; Queens County; New York,36,81,10300,1699,84821.0,1624,75,95.58563861094763,4.414361389052384,1.4,1699
36081010400,Census Tract 104; Queens County; New York,36,81,10400,1102,95781.0,1076,20,97.64065335753176,1.8148820326678767,16.9,1102
36081010500,Census Tract 105; Queens County; New York,36,81,10500,1851,65233.0,1714,96,92.59859535386278,5.186385737439222,0.4,1851
36081010600,Census Tract 106; Queens County; New York,36,81,10600,911,121250.0,902,0,99.01207464324918,0.0,7.9,911
36081010701,Census Tract 107.01; Queens County; New York,36,81,10701,0,,0,0,,,-666666666.0,0
36081010800,Census Tract 108; Queens County; New York,36,81,10800,792,108299.0,733,12,92.55050505050505,1.5151515151515151,0.4,792
36081011000,Census Tract 110; Queens County; New York,36,81,11000,736,77031.0,681,55,92.52717391304348,7.4728260869565215,1.4,736
36081011100,Census Tract 111; Queens County; New York,36,81,11100,1351,111125.0,1266,71,93.70836417468541,5.255366395262769,0.0,1351
36081011200,Census Tract 112; Queens County; New York,36,81,11200,857,69030.0,754,95,87.98133022170362,11.085180863477246,2.1,857
36081011300,Census Tract 113; Queens County; New York,36,81,11300,1977,87393.0,1906,35,96.40870005058169,1.7703591299949417,1.0,1977
36081011400,Census Tract 114; Queens County; New York,36,81,11400,375,121442.0,375,0,100.0,0.0,0.1,375
36081011500,Census Tract 115; Queens County; New York,36,81,11500,1098,113370.0,1054,44,95.99271402550092,4.007285974499089,1.0,1098
36081011600,Census Tract 116; Queens County; New York,36,81,11600,635,71576.0,576,36,90.70866141732283,5.669291338582677,1.3,635
36081011700,Census Tract 117; Queens County; New York,36,81,11700,1712,125550.0,1626,75,94.9766355140187,4.380841121495327,0.0,1712
36081011800,Census Tract 118; Queens County; New York,36,81,11800,936,86754.0,876,35,93.58974358974359,3.7393162393162394,3.5,936
36081011900,Census Tract 119; Queens County; New York,36,81,11900,713,84886.0,695,18,97.47545582047685,2.524544179523142,0.5,713
36081012000,Census Tract 120; Queens County; New York,36,81,12000,650,82500.0,602,37,92.61538461538461,5.6923076923076925,2.4,650
36081012100,Census Tract 121; Queens County; New York,36,81,12100,865,108125.0,830,35,95.95375722543352,4.046242774566474,0.4,865
36081012200,Census Tract 122; Queens County; New York,36,81,12200,699,118015.0,650,49,92.98998569384835,7.0100143061516444,3.1,699
36081012301,Census Tract 123.01; Queens County; New York,36,81,12301,1361,106328.0,1302,47,95.66495224099927,3.4533431300514326,1.1,1361
36081012400,Census Tract 124; Queens County; New York,36,81,12400,897,71435.0,871,10,97.10144927536231,1.1148272017837235,2.8,897
36081012500,Census Tract 125; Queens County; New York,36,81,12500,637,93309.0,602,35,94.5054945054945,5.4945054945054945,0.0,637
36081012601,Census Tract 126.01; Queens County; New York,36,81,12601,772,82450.0,736,30,95.33678756476684,3.8860103626943006,5.1,772
36081012602,Census Tract 126.02; Queens County; New York,36,81,12602,766,79531.0,745,21,97.25848563968668,2.741514360313316,11.8,766
36081012800,Census Tract 128; Queens County; New York,36,81,12800,678,103750.0,620,51,91.44542772861357,7.52212389380531,0.0,678
36081013000,Census Tract 130; Queens County; New York,36,81,13000,700,82708.0,665,35,95.0,5.0,6.9,700
36081013200,Census Tract 132; Queens County; New York,36,81,13200,692,84452.0,659,33,95.23121387283237,4.76878612716763,3.3,692
36081013400,Census Tract 134; Queens County; New York,36,81,13400,2480,77073.0,2375,105,95.76612903225806,4.233870967741935,4.5,2480
36081013500,Census Tract 135; Queens County; New York,36,81,13500,579,103250.0,552,27,95.33678756476684,4.66321243523316,0.0,579
36081013600,Census Tract 136; Queens County; New York,36,81,13600,871,86601.0,792,79,90.92996555683122,9.07003444316877,2.2,871
36081013700,Census Tract 137; Queens County; New York,36,81,13700,846,108056.0,795,51,93.97163120567376,6.028368794326241,0.0,846
36081013800,Census Tract 138; Queens County; New York,36,81,13800,1487,76938.0,1423,21,95.6960322797579,1.4122394082044385,3.0,1487
36081014000,Census Tract 140; Queens County; New York,36,81,14000,1495,117631.0,1367,128,91.43812709030101,8.561872909698996,3.1,1495
36081014100,Census Tract 141; Queens County; New York,36,81,14100,807,100568.0,750,41,92.93680297397769,5.080545229244114,4.2,807
36081014201,Census Tract 142.01; Queens County; New York,36,81,14201,1521,70813.0,1376,145,90.46679815910585,9.533201840894149,8.3,1521
36081014202,Census Tract 142.02; Queens County; New York,36,81,14202,663,88750.0,650,7,98.0392156862745,1.0558069381598794,2.5,663
36081014300,Census Tract 143; Queens County; New York,36,81,14300,1765,95446.0,1659,98,93.9943342776204,5.552407932011332,1.9,1765
36081014400,Census Tract 144; Queens County; New York,36,81,14400,529,80101.0,491,38,92.81663516068053,7.183364839319471,3.7,529
36081014500,Census Tract 145; Queens County; New York,36,81,14500,1062,88462.0,969,93,91.24293785310734,8.757062146892656,0.9,1062
36081014700,Census Tract 147; Queens County; New York,36,81,14700,1413,94180.0,1413,0,100.0,0.0,0.0,1413
36081014800,Census Tract 148; Queens County; New York,36,81,14800,655,,455,190,69.46564885496184,29.00763358778626,0.4,655
36081014900,Census Tract 149; Queens County; New York,36,81,14900,982,66000.0,925,57,94.19551934826885,5.8044806517311605,0.0,982
36081015000,Census Tract 150; Queens County; New York,36,81,15000,589,91116.0,541,37,91.85059422750425,6.281833616298811,7.1,589
36081015100,Census Tract 151; Queens County; New York,36,81,15100,1228,68932.0,1114,114,90.71661237785015,9.283387622149837,0.2,1228
36081015200,Census Tract 152; Queens County; New York,36,81,15200,784,82093.0,692,83,88.26530612244898,10.58673469387755,13.1,784
36081015300,Census Tract 153; Queens County; New York,36,81,15300,944,88636.0,912,32,96.61016949152543,3.389830508474576,0.0,944
36081015400,Census Tract 154; Queens County; New York,36,81,15400,551,69414.0,513,38,93.10344827586206,6.896551724137931,6.4,551
36081015500,Census Tract 155; Queens County; New York,36,81,15500,886,94375.0,805,81,90.85778781038375,9.142212189616252,0.0,886
36081015600,Census Tract 156; Queens County; New York,36,81,15600,815,79063.0,771,44,94.60122699386503,5.398773006134969,5.8,815
36081015700,Census Tract 157; Queens County; New York,36,81,15700,717,75982.0,655,35,91.35285913528591,4.881450488145049,0.7,717
36081015801,Census Tract 158.01; Queens County; New York,36,81,15801,1063,98387.0,988,75,92.9444967074318,7.055503292568203,21.5,1063
36081015802,Census Tract 158.02; Queens County; New York,36,81,15802,1227,105149.0,1138,79,92.74653626731867,6.438467807660962,9.3,1227
36081015900,Census Tract 159; Queens County; New York,36,81,15900,1823,71615.0,1764,59,96.76357652221613,3.236423477783873,0.0,1823
36081016100,Census Tract 161; Queens County; New York,36,81,16100,781,92042.0,777,4,99.48783610755441,0.5121638924455826,2.1,781
36081016300,Census Tract 163; Queens County; New York,36,81,16300,1720,35237.0,1344,259,78.13953488372093,15.058139534883722,1.5,1720
36081016400,Census Tract 164; Queens County; New York,36,81,16400,879,80568.0,760,119,86.46188850967008,13.538111490329921,5.0,879
36081016600,Census Tract 166; Queens County; New York,36,81,16600,1212,78108.0,1080,132,89.10891089108911,10.891089108910892,7.5,1212
36081016800,Census Tract 168; Queens County; New York,36,81,16800,851,108173.0,851,0,100.0,0.0,6.8,851
36081016900,Census Tract 169; Queens County; New York,36,81,16900,2626,89679.0,2424,202,92.3076923076923,7.6923076923076925,0.4,2626
36081017000,Census Tract 170; Queens County; New York,36,81,17000,678,108229.0,672,6,99.11504424778761,0.8849557522123894,11.0,678
36081017101,Census Tract 171.01; Queens County; New York,36,81,17101,0,,0,0,,,-666666666.0,0
36081017102,Census Tract 171.02; Queens County; New York,36,81,17102,175,184083.0,175,0,100.0,0.0,0.0,175
36081017200,Census Tract 172; Queens County; New York,36,81,17200,627,74760.0,559,34,89.15470494417863,5.422647527910686,21.1,627
36081017400,Census Tract 174; Queens County; New York,36,81,17400,728,121759.0,699,2,96.01648351648352,0.27472527472527475,16.5,728
36081017600,Census Tract 176; Queens County; New York,36,81,17600,643,83906.0,621,22,96.57853810264385,3.421461897356143,14.3,643
36081017800,Census Tract 178; Queens County; New York,36,81,17800,581,90096.0,504,55,86.74698795180723,9.46643717728055,13.5,581
36081017901,Census Tract 179.01; Queens County; New York,36,81,17901,451,81319.0,437,7,96.89578713968959,1.5521064301552108,0.0,451
36081017902,Census Tract 179.02; Queens County; New York,36,81,17902,0,,0,0,,,0.0,0
36081018000,Census Tract 180; Queens County; New York,36,81,18000,392,80147.0,392,0,100.0,0.0,18.9,392
36081018101,Census Tract 181.01; Queens County; New York,36,81,18101,1806,78864.0,1668,110,92.35880398671097,6.0908084163898115,1.8,1806
36081018102,Census Tract 181.02; Queens County; New York,36,81,18102,1799,83750.0,1749,13,97.22067815453029,0.7226236798221234,0.4,1799
36081018200,Census Tract 182; Queens County; New York,36,81,18200,748,93043.0,702,29,93.85026737967914,3.8770053475935833,28.9,748
36081018300,Census Tract 183; Queens County; New York,36,81,18300,2331,71891.0,2218,43,95.15229515229515,1.8447018447018446,0.4,2331
36081018401,Census Tract 184.01; Queens County; New York,36,81,18401,723,57679.0,666,50,92.11618257261411,6.915629322268327,21.7,723
36081018402,Census Tract 184.02; Queens County; New York,36,81,18402,682,89766.0,653,17,95.74780058651027,2.4926686217008798,20.0,682
36081018501,Census Tract 185.01; Queens County; New York,36,81,18501,1759,88027.0,1572,155,89.3689596361569,8.811824900511654,1.4,1759
36081018502,Census Tract 185.02; Queens County; New York,36,81,18502,1577,112260.0,1508,58,95.62460367786937,3.6778693722257447,0.0,1577
36081018600,Census Tract 186; Queens County; New York,36,81,18600,563,94840.0,531,14,94.31616341030195,2.4866785079928952,23.6,563
36081018700,Census Tract 187; Queens County; New York,36,81,18700,986,89479.0,952,34,96.55172413793103,3.4482758620689653,0.3,986
36081018800,Census Tract 188; Queens County; New York,36,81,18800,396,84688.0,307,60,77.52525252525253,15.151515151515152,7.8,396
36081018900,Census Tract 189; Queens County; New York,36,81,18900,1374,93333.0,1236,114,89.95633187772926,8.296943231441048,0.1,1374
36081019000,Census Tract 190; Queens County; New York,36,81,19000,846,87051.0,775,51,91.60756501182034,6.028368794326241,15.4,846
36081019200,Census Tract 192; Queens County; New York,36,81,19200,683,93403.0,650,33,95.16837481698389,4.831625183016105,24.4,683
36081019400,Census Tract 194; Queens County; New York,36,81,19400,887,100938.0,848,30,95.6031567080045,3.3821871476888385,12.6,887
36081019600,Census Tract 196; Queens County; New York,36,81,19600,906,72000.0,842,36,92.93598233995584,3.9735099337748347,27.5,906
36081019800,Census Tract 198; Queens County; New York,36,81,19800,1008,68828.0,1008,0,100.0,0.0,10.9,1008
36081019901,Census Tract 199.01; Queens County; New York,36,81,19901,114,,108,6,94.73684210526315,5.263157894736842,7.6,114
36081019902,Census Tract 199.02; Queens County; New York,36,81,19902,8,,8,0,100.0,0.0,0.0,8
36081019903,Census Tract 199.03; Queens County; New York,36,81,19903,0,,0,0,,,-666666666.0,0
36081020200,Census Tract 202; Queens County; New York,36,81,20200,426,,399,27,93.66197183098592,6.338028169014084,25.8,426
36081020400,Census Tract 204; Queens County; New York,36,81,20400,685,63750.0,547,133,79.85401459854015,19.416058394160586,10.6,685
36081020500,Census Tract 205; Queens County; New York,36,81,20500,430,76786.0,430,0,100.0,0.0,0.0,430
36081020600,Census Tract 206; Queens County; New York,36,81,20600,462,56667.0,447,15,96.75324675324676,3.2467532467532463,6.9,462
36081020800,Census Tract 208; Queens County; New York,36,81,20800,1388,60486.0,1352,36,97.40634005763688,2.5936599423631126,13.8,1388
36081021200,Census Tract 212; Queens County; New York,36,81,21200,674,70776.0,649,25,96.29080118694363,3.7091988130563793,2.0,674
36081021400,Census Tract 214; Queens County; New York,36,81,21400,2280,87356.0,1996,264,87.54385964912281,11.578947368421053,2.3,2280
36081021601,Census Tract 216.01; Queens County; New York,36,81,21601,1412,92609.0,1321,77,93.55524079320114,5.453257790368272,1.1,1412
36081021602,Census Tract 216.02; Queens County; New York,36,81,21602,535,73446.0,442,43,82.61682242990655,8.037383177570094,2.1,535
36081021603,Census Tract 216.03; Queens County; New York,36,81,21603,0,,0,0,,,-666666666.0,0
36081021900,Census Tract 219; Queens County; New York,36,81,21900,0,,0,0,,,-666666666.0,0
36081022001,Census Tract 220.01; Queens County; New York,36,81,22001,2660,86915.0,2497,120,93.87218045112782,4.511278195488721,3.1,2660
36081022002,Census Tract 220.02; Queens County; New York,36,81,22002,2702,89600.0,2636,66,97.55736491487787,2.4426350851221317,9.3,2702
36081022900,Census Tract 229; Queens County; New York,36,81,22900,0,,0,0,,,-666666666.0,0
36081023000,Census Tract 230; Queens County; New York,36,81,23000,571,118494.0,485,66,84.93870402802102,11.558669001751314,0.0,571
36081023200,Census Tract 232; Queens County; New York,36,81,23200,1903,102386.0,1835,68,96.42669469259064,3.573305307409354,8.4,1903
36081023501,Census Tract 235.01; Queens County; New York,36,81,23501,1575,60044.0,1172,155,74.4126984126984,9.841269841269842,0.9,1575
36081023502,Census Tract 235.02; Queens County; New York,36,81,23502,1181,82676.0,1041,117,88.14563928873835,9.906858594411517,0.0,1181
36081023600,Census Tract 236; Queens County; New York,36,81,23600,1184,81557.0,1157,10,97.7195945945946,0.8445945945945946,9.4,1184
36081023800,Census Tract 238; Queens County; New York,36,81,23800,1517,59938.0,1427,79,94.067237969677,5.207646671061305,2.8,1517
36081024000,Census Tract 240; Queens County; New York,36,81,24000,2215,59421.0,2087,128,94.22121896162528,5.778781038374717,4.4,2215
36081024300,Census Tract 243; Queens County; New York,36,81,24300,2344,60880.0,2166,172,92.4061433447099,7.337883959044368,0.0,2344
36081024500,Census Tract 245; Queens County; New York,36,81,24500,2198,62647.0,2017,115,91.76524112829846,5.232029117379436,0.5,2198
36081024600,Census Tract 246; Queens County; New York,36,81,24600,0,,0,0,,,-666666666.0,0
36081024700,Census Tract 247; Queens County; New York,36,81,24700,480,57143.0,408,68,85.0,14.166666666666666,1.5,480
36081024900,Census Tract 249; Queens County; New York,36,81,24900,2118,76987.0,1833,235,86.54390934844193,11.09537299338999,0.1,2118
36081025100,Census Tract 251; Queens County; New York,36,81,25100,2535,90996.0,2172,363,85.68047337278107,14.319526627218934,0.1,2535
36081025301,Census Tract 253.01; Queens County; New York,36,81,25301,1771,70664.0,1691,80,95.48277809147375,4.517221908526256,1.1,1771
36081025302,Census Tract 253.02; Queens County; New York,36,81,25302,1267,66393.0,1030,207,81.29439621152328,16.33780584056827,0.0,1267
36081025401,Census Tract 254.01; Queens County; New York,36,81,25401,997,76434.0,935,62,93.78134403209629,6.218655967903711,18.2,997
36081025402,Census Tract 254.02; Queens County; New York,36,81,25402,2154,41822.0,1861,277,86.39740018570102,12.859795728876508,3.8,2154
36081025500,Census Tract 255; Queens County; New York,36,81,25500,494,92260.0,485,0,98.17813765182186,0.0,0.0,494
36081025700,Census Tract 257; Queens County; New York,36,81,25700,595,95139.0,560,35,94.11764705882352,5.88235294117647,3.7,595
36081025800,Census Tract 258; Queens County; New York,36,81,25800,586,107442.0,586,0,100.0,0.0,4.9,586
36081025900,Census Tract 259; Queens County; New York,36,81,25900,1377,61289.0,1318,50,95.71532316630356,3.631082062454612,0.4,1377
36081026000,Census Tract 260; Queens County; New York,36,81,26000,745,63565.0,680,22,91.2751677852349,2.953020134228188,13.3,745
36081026100,Census Tract 261; Queens County; New York,36,81,26100,2488,79419.0,2234,232,89.79099678456592,9.32475884244373,0.0,2488
36081026200,Census Tract 262; Queens County; New York,36,81,26200,402,83667.0,402,0,100.0,0.0,17.5,402
36081026300,Census Tract 263; Queens County; New York,36,81,26300,2113,87232.0,1901,212,89.96687174633223,10.03312825366777,0.0,2113
36081026400,Census Tract 264; Queens County; New York,36,81,26400,845,86411.0,755,76,89.3491124260355,8.994082840236686,30.5,845
36081026501,Census Tract 265.01; Queens County; New York,36,81,26501,1151,73641.0,905,238,78.62728062554301,20.677671589921808,1.9,1151
36081026502,Census Tract 265.02; Queens County; New York,36,81,26502,420,74643.0,420,0,100.0,0.0,0.6,420
36081026600,Census Tract 266; Queens County; New York,36,81,26600,724,55441.0,595,101,82.18232044198895,13.950276243093922,34.0,724
36081026700,Census Tract 267; Queens County; New York,36,81,26700,2474,58274.0,2295,179,92.7647534357316,7.235246564268391,1.2,2474
36081026901,Census Tract 269.01; Queens County; New York,36,81,26901,1522,58163.0,1344,106,88.30486202365309,6.964520367936925,0.0,1522
36081026902,Census Tract 269.02; Queens County; New York,36,81,26902,1483,53694.0,1384,90,93.3243425488874,6.068779501011464,0.0,1483
36081027000,Census Tract 270; Queens County; New York,36,81,27000,491,110938.0,474,17,96.5376782077393,3.462321792260693,11.3,491
36081027101,Census Tract 271.01; Queens County; New York,36,81,27101,1813,54568.0,1497,316,82.57032542746828,17.429674572531713,0.0,1813
36081027102,Census Tract 271.02; Queens County; New York,36,81,27102,973,65786.0,941,32,96.71120246659814,3.28879753340185,0.0,973
36081027200,Census Tract 272; Queens County; New York,36,81,27200,562,97357.0,504,26,89.6797153024911,4.6263345195729535,14.1,562
36081027301,Census Tract 273.01; Queens County; New York,36,81,27301,911,69631.0,754,104,82.7661909989023,11.416026344676181,0.0,911
36081027302,Census Tract 273.02; Queens County; New York,36,81,27302,1350,81532.0,1229,73,91.03703703703704,5.407407407407407,0.8,1350
36081027400,Census Tract 274; Queens County; New York,36,81,27400,663,65234.0,640,23,96.53092006033182,3.469079939668175,22.8,663
36081027500,Census Tract 275; Queens County; New York,36,81,27500,2335,66971.0,2049,233,87.75160599571734,9.978586723768737,0.0,2335
36081027600,Census Tract 276; Queens County; New York,36,81,27600,385,111250.0,380,5,98.7012987012987,1.2987012987012987,24.7,385
36081027701,Census Tract 277.01; Queens County; New York,36,81,27701,1216,67602.0,1118,82,91.94078947368422,6.743421052631579,2.8,1216
36081027702,Census Tract 277.02; Queens County; New York,36,81,27702,1551,69521.0,1247,227,80.39974210186976,14.63571889103804,5.4,1551
36081027800,Census Tract 278; Queens County; New York,36,81,27800,873,51992.0,810,52,92.78350515463917,5.956471935853378,16.6,873
36081027900,Census Tract 279; Queens County; New York,36,81,27900,2404,81417.0,2018,290,83.94342762063228,12.063227953410982,3.0,2404
36081028000,Census Tract 280; Queens County; New York,36,81,28000,556,80286.0,456,93,82.01438848920863,16.72661870503597,10.3,556
36081028100,Census Tract 281; Queens County; New York,36,81,28100,2495,86631.0,2303,192,92.30460921843687,7.695390781563126,0.0,2495
36081028200,Census Tract 282; Queens County; New York,36,81,28200,562,92368.0,553,9,98.39857651245552,1.601423487544484,28.6,562
36081028300,Census Tract 283; Queens County; New York,36,81,28300,3318,79340.0,3225,93,97.19710669077757,2.802893309222423,3.8,3318
36081028400,Census Tract 284; Queens County; New York,36,81,28400,1127,72633.0,1079,13,95.74090505767523,1.1535048802129548,29.5,1127
36081028500,Census Tract 285; Queens County; New York,36,81,28500,2195,126991.0,2028,72,92.39179954441914,3.2801822323462417,0.6,2195
36081028700,Census Tract 287; Queens County; New York,36,81,28700,3010,83108.0,2905,59,96.51162790697676,1.9601328903654487,1.7,3010
36081028801,Census Tract 288.01; Queens County; New York,36,81,28801,829,120234.0,794,35,95.77804583835947,4.2219541616405305,15.3,829
36081028802,Census Tract 288.02; Queens County; New York,36,81,28802,617,89653.0,587,30,95.13776337115073,4.862236628849271,36.1,617
36081028803,Census Tract 288.03; Queens County; New York,36,81,28803,0,,0,0,,,-666666666.0,0
36081028900,Census Tract 289; Queens County; New York,36,81,28900,2067,83870.0,1982,85,95.88776003870343,4.112239961296565,0.0,2067
36081029100,Census Tract 291; Queens County; New York,36,81,29100,2555,53384.0,2319,205,90.76320939334637,8.023483365949119,0.6,2555
36081029300,Census Tract 293; Queens County; New York,36,81,29300,414,70556.0,325,89,78.50241545893721,21.497584541062803,0.0,414
36081029400,Census Tract 294; Queens County; New York,36,81,29400,2630,102984.0,2335,267,88.78326996197718,10.152091254752852,31.4,2630
36081029500,Census Tract 295; Queens County; New York,36,81,29500,1871,81051.0,1629,105,87.06574024585782,5.611972207375735,0.5,1871
36081029700,Census Tract 297; Queens County; New York,36,81,29700,718,101538.0,668,42,93.03621169916435,5.8495821727019495,0.0,718
36081029900,Census Tract 299; Queens County; New York,36,81,29900,0,,0,0,,,-666666666.0,0
36081030600,Census Tract 306; Queens County; New York,36,81,30600,1451,111458.0,1404,47,96.76085458304617,3.239145416953825,25.7,1451
36081030903,Census Tract 309.03; Queens County; New York,36,81,30903,1736,75728.0,1627,109,93.72119815668202,6.278801843317973,3.4,1736
36081030904,Census Tract 309.04; Queens County; New York,36,81,30904,1200,58726.0,1000,200,83.33333333333334,16.666666666666664,1.2,1200
36081030905,Census Tract 309.05; Queens County; New York,36,81,30905,1225,74339.0,1201,24,98.04081632653062,1.9591836734693877,0.3,1225
36081030906,Census Tract 309.06; Queens County; New York,36,81,30906,1385,84907.0,1329,32,95.95667870036101,2.3104693140794224,0.0,1385
36081031700,Census Tract 317; Queens County; New York,36,81,31700,2338,75591.0,2074,220,88.70829769033361,9.409751924721984,0.6,2338
36081032000,Census Tract 320; Queens County; New York,36,81,32000,1323,100417.0,1228,95,92.81934996220711,7.180650037792895,32.5,1323
36081032700,Census Tract 327; Queens County; New York,36,81,32700,1068,88167.0,1036,32,97.00374531835206,2.9962546816479403,0.3,1068
36081032800,Census Tract 328; Queens County; New York,36,81,32800,910,94398.0,822,82,90.32967032967034,9.010989010989011,49.2,910
36081032900,Census Tract 329; Queens County; New York,36,81,32900,1174,66573.0,1166,8,99.31856899488926,0.6814310051107325,0.4,1174
36081033000,Census Tract 330; Queens County; New York,36,81,33000,2117,105013.0,1968,127,92.96173830892774,5.999055266887105,32.1,2117
36081033100,Census Tract 331; Queens County; New York,36,81,33100,0,,0,0,,,-666666666.0,0
36081033401,Census Tract 334.01; Queens County; New York,36,81,33401,1531,63892.0,1497,34,97.7792292619203,2.2207707380796866,42.2,1531
36081033403,Census Tract 334.03; Queens County; New York,36,81,33403,2276,53013.0,1988,231,87.34622144112478,10.1493848857645,25.2,2276
36081033404,Census Tract 334.04; Queens County; New York,36,81,33404,2749,52574.0,2663,64,96.87158966897054,2.3281193161149507,25.1,2749
36081033405,Census Tract 334.05; Queens County; New York,36,81,33405,1645,86065.0,1635,10,99.3920972644377,0.60790273556231,32.7,1645
36081033700,Census Tract 337; Queens County; New York,36,81,33700,870,107750.0,847,23,97.35632183908046,2.6436781609195403,0.0,870
36081033900,Census Tract 339; Queens County; New York,36,81,33900,1240,69755.0,1192,0,96.12903225806451,0.0,1.4,1240
36081034700,Census Tract 347; Queens County; New York,36,81,34700,1025,77025.0,936,89,91.31707317073172,8.682926829268292,3.8,1025
36081035100,Census Tract 351; Queens County; New York,36,81,35100,1450,85284.0,1388,23,95.72413793103448,1.5862068965517242,0.0,1450
36081035200,Census Tract 352; Queens County; New York,36,81,35200,784,105139.0,728,25,92.85714285714286,3.188775510204082,30.1,784
36081035300,Census Tract 353; Queens County; New York,36,81,35300,766,104107.0,734,32,95.822454308094,4.177545691906006,9.7,766
36081035700,Census Tract 357; Queens County; New York,36,81,35700,1209,93153.0,1134,35,93.79652605459057,2.8949545078577335,9.3,1209
36081035800,Census Tract 358; Queens County; New York,36,81,35800,1315,97128.0,1290,11,98.09885931558935,0.8365019011406843,36.9,1315
36081036100,Census Tract 361; Queens County; New York,36,81,36100,768,92500.0,734,21,95.57291666666666,2.734375,8.8,768
36081036300,Census Tract 363; Queens County; New York,36,81,36300,644,76613.0,607,37,94.25465838509317,5.745341614906832,8.3,644
36081036500,Census Tract 365; Queens County; New York,36,81,36500,957,72031.0,903,45,94.35736677115987,4.702194357366771,2.2,957
36081036600,Census Tract 366; Queens County; New York,36,81,36600,1078,75395.0,872,152,80.89053803339517,14.100185528756956,34.7,1078
36081036700,Census Tract 367; Queens County; New York,36,81,36700,810,78200.0,792,18,97.77777777777777,2.2222222222222223,6.0,810
36081036800,Census Tract 368; Queens County; New York,36,81,36800,804,125882.0,776,28,96.51741293532339,3.482587064676617,33.0,804
36081037100,Census Tract 371; Queens County; New York,36,81,37100,607,81607.0,607,0,100.0,0.0,11.7,607
36081037300,Census Tract 373; Queens County; New York,36,81,37300,687,59821.0,671,16,97.67103347889375,2.3289665211062593,2.4,687
36081037501,Census Tract 375.01; Queens County; New York,36,81,37501,346,92647.0,281,32,81.21387283236994,9.248554913294797,0.0,346
36081037502,Census Tract 375.02; Queens County; New York,36,81,37502,694,70625.0,626,68,90.20172910662824,9.798270893371757,5.6,694
36081037600,Census Tract 376; Queens County; New York,36,81,37600,1954,112955.0,1911,10,97.79938587512794,0.511770726714432,38.3,1954
36081037700,Census Tract 377; Queens County; New York,36,81,37700,857,81797.0,732,27,85.41423570595099,3.150525087514586,1.8,857
36081037900,Census Tract 379; Queens County; New York,36,81,37900,1468,80927.0,1340,48,91.28065395095368,3.2697547683923704,1.8,1468
36081038100,Census Tract 381; Queens County; New York,36,81,38100,1762,83654.0,1722,40,97.72985244040862,2.2701475595913734,2.8,1762
36081038301,Census Tract 383.01; Queens County; New York,36,81,38301,0,,0,0,,,-666666666.0,0
36081038302,Census Tract 383.02; Queens County; New York,36,81,38302,0,,0,0,,,-666666666.0,0
36081038400,Census Tract 384; Queens County; New York,36,81,38400,879,100337.0,782,93,88.96473265073948,10.580204778156997,36.5,879
36081039400,Census Tract 394; Queens County; New York,36,81,39400,950,100833.0,913,30,96.10526315789474,3.1578947368421053,35.1,950
36081039800,Census Tract 398; Queens County; New York,36,81,39800,515,86948.0,471,20,91.45631067961165,3.8834951456310676,38.9,515
36081039901,Census Tract 399.01; Queens County; New York,36,81,39901,523,118319.0,469,54,89.67495219885278,10.325047801147228,0.0,523
36081039902,Census Tract 399.02; Queens County; New York,36,81,39902,407,58640.0,407,0,100.0,0.0,0.0,407
36081040000,Census Tract 400; Queens County; New York,36,81,40000,467,112560.0,413,54,88.43683083511777,11.563169164882227,25.3,467
36081040101,Census Tract 401.01; Queens County; New York,36,81,40101,658,60338.0,634,24,96.35258358662614,3.64741641337386,0.7,658
36081040102,Census Tract 401.02; Queens County; New York,36,81,40102,1102,75660.0,928,148,84.21052631578947,13.430127041742287,0.8,1102
36081040200,Census Tract 402; Queens County; New York,36,81,40200,502,103214.0,467,35,93.02788844621513,6.97211155378486,26.5,502
36081040301,Census Tract 403.01; Queens County; New York,36,81,40301,881,37018.0,604,277,68.55845629965948,31.441543700340524,0.0,881
36081040302,Census Tract 403.02; Queens County; New York,36,81,40302,1088,70179.0,833,110,76.5625,10.11029411764706,0.0,1088
36081040400,Census Tract 404; Queens County; New York,36,81,40400,1357,87917.0,1036,272,76.3448784082535,20.044215180545322,36.0,1357
36081040501,Census Tract 405.01; Queens County; New York,36,81,40501,250,102682.0,242,8,96.8,3.2,0.0,250
36081040502,Census Tract 405.02; Queens County; New York,36,81,40502,506,74091.0,445,61,87.94466403162056,12.055335968379447,0.8,506
36081040701,Census Tract 407.01; Queens County; New York,36,81,40701,777,77944.0,705,66,90.73359073359073,8.494208494208493,0.0,777
36081040702,Census Tract 407.02; Queens County; New York,36,81,40702,1074,99722.0,990,27,92.17877094972067,2.5139664804469275,1.1,1074
36081040901,Census Tract 409.01; Queens County; New York,36,81,40901,445,83320.0,423,22,95.0561797752809,4.943820224719101,0.0,445
36081040902,Census Tract 409.02; Queens County; New York,36,81,40902,780,84091.0,676,34,86.66666666666667,4.358974358974359,1.0,780
36081041100,Census Tract 411; Queens County; New York,36,81,41100,1225,73899.0,1182,11,96.48979591836735,0.8979591836734694,0.0,1225
36081041300,Census Tract 413; Queens County; New York,36,81,41300,1059,72519.0,992,21,93.67327667610954,1.9830028328611897,0.7,1059
36081041400,Census Tract 414; Queens County; New York,36,81,41400,1390,92939.0,1345,40,96.76258992805755,2.877697841726619,21.4,1390
36081041500,Census Tract 415; Queens County; New York,36,81,41500,1315,63411.0,1099,38,83.57414448669202,2.8897338403041823,2.7,1315
36081042400,Census Tract 424; Queens County; New York,36,81,42400,864,95855.0,834,24,96.52777777777779,2.7777777777777777,23.0,864
36081042600,Census Tract 426; Queens County; New York,36,81,42600,0,,0,0,,,8.3,0
36081042700,Census Tract 427; Queens County; New York,36,81,42700,1498,70921.0,1319,105,88.05073431241655,7.009345794392523,2.4,1498
36081043200,Census Tract 432; Queens County; New York,36,81,43200,363,92750.0,336,7,92.56198347107438,1.9283746556473829,44.8,363
36081043400,Census Tract 434; Queens County; New York,36,81,43400,559,95057.0,559,0,100.0,0.0,41.4,559
36081043701,Census Tract 437.01; Queens County; New York,36,81,43701,828,60188.0,675,79,81.52173913043478,9.541062801932366,2.8,828
36081043702,Census Tract 437.02; Queens County; New York,36,81,43702,2170,66731.0,1950,220,89.86175115207374,10.138248847926267,2.3,2170
36081043900,Census Tract 439; Queens County; New York,36,81,43900,1114,68922.0,952,95,85.45780969479354,8.5278276481149,0.0,1114
36081044000,Census Tract 440; Queens County; New York,36,81,44000,1099,67463.0,1076,23,97.90718835304823,2.0928116469517746,23.1,1099
36081044301,Census Tract 443.01; Queens County; New York,36,81,44301,1377,36467.0,1163,201,84.45896877269426,14.596949891067537,1.0,1377
36081044302,Census Tract 443.02; Queens County; New York,36,81,44302,1473,62731.0,1125,348,76.37474541751527,23.625254582484725,0.7,1473
36081044400,Census Tract 444; Queens County; New York,36,81,44400,1436,46434.0,1255,165,87.39554317548746,11.49025069637883,11.7,1436
36081044601,Census Tract 446.01; Queens County; New York,36,81,44601,1218,57614.0,1021,197,83.82594417077176,16.174055829228244,8.5,1218
36081044602,Census Tract 446.02; Queens County; New York,36,81,44602,1544,45688.0,1414,89,91.58031088082902,5.7642487046632125,6.6,1544
36081044800,Census Tract 448; Queens County; New York,36,81,44800,933,72371.0,895,38,95.92711682743837,4.072883172561629,1.9,933
36081045000,Census Tract 450; Queens County; New York,36,81,45000,803,148424.0,541,262,67.37235367372354,32.62764632627647,6.1,803
36081045200,Census Tract 452; Queens County; New York,36,81,45200,174,76071.0,156,11,89.65517241379311,6.321839080459771,6.8,174
36081045400,Census Tract 454; Queens County; New York,36,81,45400,1752,84100.0,1735,17,99.0296803652968,0.9703196347031963,9.6,1752
36081045500,Census Tract 455; Queens County; New York,36,81,45500,4493,80100.0,3908,585,86.97974627197863,13.020253728021366,4.6,4493
36081045600,Census Tract 456; Queens County; New York,36,81,45600,408,75357.0,389,19,95.34313725490196,4.6568627450980395,1.9,408
36081045700,Census Tract 457; Queens County; New York,36,81,45700,1173,82176.0,1083,64,92.32736572890026,5.456095481670929,0.4,1173
36081045800,Census Tract 458; Queens County; New York,36,81,45800,685,79236.0,664,8,96.93430656934306,1.167883211678832,4.8,685
36081045900,Census Tract 459; Queens County; New York,36,81,45900,1091,72279.0,1012,74,92.7589367552704,6.782768102658111,3.3,1091
36081046000,Census Tract 460; Queens County; New York,36,81,46000,1871,57184.0,1695,176,90.59326563335115,9.406734366648852,10.4,1871
36081046100,Census Tract 461; Queens County; New York,36,81,46100,690,77000.0,682,8,98.84057971014492,1.1594202898550725,0.8,690
36081046200,Census Tract 462; Queens County; New York,36,81,46200,2043,60647.0,1822,38,89.1825746451297,1.8600097895252081,7.1,2043
36081046300,Census Tract 463; Queens County; New York,36,81,46300,1071,75539.0,1009,37,94.2110177404295,3.454715219421102,0.0,1071
36081046400,Census Tract 464; Queens County; New York,36,81,46400,525,118472.0,524,1,99.80952380952381,0.19047619047619047,8.1,525
36081046500,Census Tract 465; Queens County; New York,36,81,46500,989,94125.0,876,79,88.57431749241658,7.987866531850354,0.0,989
36081046600,Census Tract 466; Queens County; New York,36,81,46600,1433,76885.0,1303,99,90.9281228192603,6.908583391486392,12.5,1433
36081046700,Census Tract 467; Queens County; New York,36,81,46700,1970,77246.0,1931,39,98.02030456852792,1.9796954314720812,0.8,1970
36081046800,Census Tract 468; Queens County; New York,36,81,46800,997,83388.0,899,67,90.17051153460382,6.720160481444333,3.8,997
36081046901,Census Tract 469.01; Queens County; New York,36,81,46901,1347,73538.0,1224,123,90.8685968819599,9.131403118040089,0.3,1347
36081046902,Census Tract 469.02; Queens County; New York,36,81,46902,1078,68353.0,932,140,86.45640074211502,12.987012987012985,0.7,1078
36081047000,Census Tract 470; Queens County; New York,36,81,47000,990,72955.0,902,88,91.11111111111111,8.88888888888889,2.2,990
36081047100,Census Tract 471; Queens County; New York,36,81,47100,1484,60616.0,1397,59,94.13746630727763,3.975741239892183,0.8,1484
36081047200,Census Tract 472; Queens County; New York,36,81,47200,1295,128274.0,1259,36,97.22007722007721,2.7799227799227797,12.9,1295
36081047300,Census Tract 473; Queens County; New York,36,81,47300,1767,72441.0,1661,105,94.00113186191284,5.942275042444821,0.0,1767
36081047500,Census Tract 475; Queens County; New York,36,81,47500,1769,86271.0,1690,70,95.53420011305822,3.95703787450537,1.1,1769
36081047600,Census Tract 476; Queens County; New York,36,81,47600,525,115335.0,525,0,100.0,0.0,12.0,525
36081047801,Census Tract 478.01; Queens County; New York,36,81,47801,2002,56848.0,1600,402,79.92007992007993,20.07992007992008,5.2,2002
36081047802,Census Tract 478.02; Queens County; New York,36,81,47802,369,116198.0,358,11,97.01897018970189,2.9810298102981028,30.1,369
36081047900,Census Tract 479; Queens County; New York,36,81,47900,1899,87515.0,1800,99,94.7867298578199,5.213270142180095,1.5,1899
36081048000,Census Tract 480; Queens County; New York,36,81,48000,745,86250.0,689,56,92.48322147651007,7.516778523489933,3.5,745
36081048100,Census Tract 481; Queens County; New York,36,81,48100,1811,73983.0,1509,226,83.32413031474324,12.47929320817228,1.6,1811
36081048200,Census Tract 482; Queens County; New York,36,81,48200,413,110729.0,354,56,85.71428571428571,13.559322033898304,17.5,413
36081048301,Census Tract 483.01; Queens County; New York,36,81,48301,769,60568.0,717,44,93.23797139141743,5.721716514954486,0.0,769
36081048302,Census Tract 483.02; Queens County; New York,36,81,48302,654,85724.0,541,78,82.7217125382263,11.926605504587156,0.0,654
36081048400,Census Tract 484; Queens County; New York,36,81,48400,1339,86726.0,1239,89,92.53174010455564,6.646751306945482,6.2,1339
36081048500,Census Tract 485; Queens County; New York,36,81,48500,1685,77614.0,1537,148,91.2166172106825,8.783382789317509,0.0,1685
36081048900,Census Tract 489; Queens County; New York,36,81,48900,582,61552.0,417,165,71.64948453608247,28.350515463917525,0.0,582
36081049201,Census Tract 492.01; Queens County; New York,36,81,49201,1316,60797.0,1188,128,90.27355623100304,9.72644376899696,27.2,1316
36081049202,Census Tract 492.02; Queens County; New York,36,81,49202,577,107063.0,542,35,93.93414211438474,6.065857885615252,2.0,577
36081049301,Census Tract 493.01; Queens County; New York,36,81,49301,772,86429.0,712,8,92.2279792746114,1.0362694300518136,0.3,772
36081049302,Census Tract 493.02; Queens County; New York,36,81,49302,1018,59940.0,999,13,98.1335952848723,1.2770137524557956,0.8,1018
36081049500,Census Tract 495; Queens County; New York,36,81,49500,526,92800.0,493,33,93.72623574144487,6.273764258555133,0.0,526
36081049600,Census Tract 496; Queens County; New York,36,81,49600,867,91991.0,859,6,99.07727797001154,0.6920415224913495,25.8,867
36081049700,Census Tract 497; Queens County; New York,36,81,49700,903,86031.0,807,80,89.3687707641196,8.859357696566999,0.0,903
36081049900,Census Tract 499; Queens County; New York,36,81,49900,1459,85045.0,1387,59,95.06511309115832,4.0438656614119255,0.1,1459
36081050000,Census Tract 500; Queens County; New York,36,81,50000,1555,68850.0,1456,99,93.63344051446946,6.366559485530547,23.5,1555
36081050201,Census Tract 502.01; Queens County; New York,36,81,50201,439,90972.0,426,13,97.03872437357631,2.9612756264236904,24.7,439
36081050202,Census Tract 502.02; Queens County; New York,36,81,50202,448,85147.0,430,18,95.98214285714286,4.017857142857143,34.8,448
36081050400,Census Tract 504; Queens County; New York,36,81,50400,545,131168.0,545,0,100.0,0.0,42.4,545
36081050500,Census Tract 505; Queens County; New York,36,81,50500,612,113438.0,585,15,95.58823529411765,2.450980392156863,0.0,612
36081050600,Census Tract 506; Queens County; New York,36,81,50600,446,93000.0,409,37,91.70403587443946,8.295964125560538,37.1,446
36081050700,Census Tract 507; Queens County; New York,36,81,50700,1293,84476.0,1154,125,89.24980665119875,9.667440061871616,0.0,1293
36081050800,Census Tract 508; Queens County; New York,36,81,50800,667,77040.0,601,60,90.10494752623688,8.995502248875562,23.5,667
36081051000,Census Tract 510; Queens County; New York,36,81,51000,427,85179.0,352,47,82.43559718969556,11.00702576112412,23.1,427
36081051100,Census Tract 511; Queens County; New York,36,81,51100,840,92647.0,806,34,95.95238095238095,4.0476190476190474,0.0,840
36081051200,Census Tract 512; Queens County; New York,36,81,51200,742,122778.0,707,35,95.28301886792453,4.716981132075472,27.3,742
36081051300,Census Tract 513; Queens County; New York,36,81,51300,811,83618.0,743,48,91.61528976572133,5.9186189889025895,0.0,811
36081051500,Census Tract 515; Queens County; New York,36,81,51500,1192,102833.0,1173,19,98.40604026845638,1.5939597315436242,0.0,1192
36081051600,Census Tract 516; Queens County; New York,36,81,51600,606,107500.0,599,0,98.84488448844884,0.0,16.1,606
36081051700,Census Tract 517; Queens County; New York,36,81,51700,819,113125.0,801,18,97.8021978021978,2.197802197802198,0.0,819
36081051800,Census Tract 518; Queens County; New York,36,81,51800,612,124423.0,563,49,91.99346405228758,8.006535947712418,31.5,612
36081052000,Census Tract 520; Queens County; New York,36,81,52000,511,105163.0,501,8,98.04305283757338,1.5655577299412915,27.6,511
36081052100,Census Tract 521; Queens County; New York,36,81,52100,669,84009.0,595,74,88.93871449925261,11.061285500747383,0.0,669
36081052200,Census Tract 522; Queens County; New York,36,81,52200,550,86818.0,533,17,96.9090909090909,3.090909090909091,29.1,550
36081052400,Census Tract 524; Queens County; New York,36,81,52400,554,112838.0,512,24,92.4187725631769,4.332129963898916,30.1,554
36081052500,Census Tract 525; Queens County; New York,36,81,52500,826,77037.0,777,23,94.0677966101695,2.784503631961259,0.0,826
36081052600,Census Tract 526; Queens County; New York,36,81,52600,754,96695.0,679,21,90.05305039787798,2.7851458885941645,36.1,754
36081052800,Census Tract 528; Queens County; New York,36,81,52800,537,79542.0,504,33,93.85474860335195,6.145251396648044,19.8,537
36081053000,Census Tract 530; Queens County; New York,36,81,53000,658,102381.0,624,34,94.83282674772036,5.167173252279635,39.0,658
36081053100,Census Tract 531; Queens County; New York,36,81,53100,1385,73938.0,1204,79,86.93140794223827,5.703971119133574,0.0,1385
36081053200,Census Tract 532; Queens County; New York,36,81,53200,620,97419.0,578,42,93.2258064516129,6.774193548387098,41.1,620
36081053401,Census Tract 534.01; Queens County; New York,36,81,53401,599,103594.0,549,18,91.65275459098497,3.005008347245409,40.7,599
36081053501,Census Tract 535.01; Queens County; New York,36,81,53501,513,73042.0,442,60,86.15984405458089,11.695906432748536,0.0,513
36081053502,Census Tract 535.02; Queens County; New York,36,81,53502,0,,0,0,,,-666666666.0,0
36081053601,Census Tract 536.01; Queens County; New York,36,81,53601,714,,434,280,60.78431372549019,39.21568627450981,15.7,714
36081053800,Census Tract 538; Queens County; New York,36,81,53800,424,121034.0,402,0,94.81132075471697,0.0,26.4,424
36081053901,Census Tract 539.01; Queens County; New York,36,81,53901,1625,91027.0,1479,130,91.01538461538462,8.0,0.4,1625
36081053902,Census Tract 539.02; Queens County; New York,36,81,53902,8,,8,0,100.0,0.0,0.0,8
36081054000,Census Tract 540; Queens County; New York,36,81,54000,1444,102174.0,1359,85,94.11357340720221,5.886426592797784,41.2,1444
36081054200,Census Tract 542; Queens County; New York,36,81,54200,1588,94125.0,1466,122,92.31738035264485,7.682619647355164,10.1,1588
36081054500,Census Tract 545; Queens County; New York,36,81,54500,1398,66076.0,1299,83,92.91845493562232,5.9370529327610875,0.0,1398
36081054700,Census Tract 547; Queens County; New York,36,81,54700,1474,119732.0,1434,0,97.28629579375848,0.0,5.5,1474
36081054800,Census Tract 548; Queens County; New York,36,81,54800,686,84601.0,677,3,98.68804664723032,0.43731778425655976,4.4,686
36081054900,Census Tract 549; Queens County; New York,36,81,54900,1555,104821.0,1528,27,98.26366559485531,1.7363344051446947,0.8,1555
36081055100,Census Tract 551; Queens County; New York,36,81,55100,1605,80268.0,1330,224,82.86604361370716,13.95638629283489,0.2,1605
36081055200,Census Tract 552; Queens County; New York,36,81,55200,983,71213.0,853,120,86.77517802644964,12.207527975584945,13.8,983
36081055300,Census Tract 553; Queens County; New York,36,81,55300,1013,90114.0,985,28,97.23593287265548,2.7640671273445214,0.6,1013
36081055400,Census Tract 554; Queens County; New York,36,81,55400,787,89375.0,658,129,83.60864040660736,16.39135959339263,10.0,787
36081055500,Census Tract 555; Queens County; New York,36,81,55500,788,86667.0,730,10,92.63959390862944,1.2690355329949239,6.8,788
36081055600,Census Tract 556; Queens County; New York,36,81,55600,669,135052.0,551,110,82.36173393124065,16.442451420029897,3.3,669
36081055700,Census Tract 557; Queens County; New York,36,81,55700,1355,101636.0,1261,94,93.06273062730628,6.937269372693727,1.5,1355
36081055800,Census Tract 558; Queens County; New York,36,81,55800,677,78672.0,643,24,94.97784342688331,3.5450516986706058,5.2,677
36081055900,Census Tract 559; Queens County; New York,36,81,55900,388,70481.0,368,13,94.84536082474226,3.350515463917526,0.3,388
36081056000,Census Tract 560; Queens County; New York,36,81,56000,450,139615.0,399,50,88.66666666666667,11.11111111111111,0.9,450
36081056100,Census Tract 561; Queens County; New York,36,81,56100,4,,4,0,100.0,0.0,0.0,4
36081056200,Census Tract 562; Queens County; New York,36,81,56200,511,102125.0,407,104,79.6477495107632,20.352250489236788,0.7,511
36081056400,Census Tract 564; Queens County; New York,36,81,56400,514,95000.0,400,104,77.82101167315176,20.233463035019454,7.4,514
36081056500,Census Tract 565; Queens County; New York,36,81,56500,608,129647.0,580,28,95.39473684210526,4.605263157894736,0.9,608
36081056600,Census Tract 566; Queens County; New York,36,81,56600,464,71974.0,464,0,100.0,0.0,13.1,464
36081056700,Census Tract 567; Queens County; New York,36,81,56700,1640,111477.0,1462,53,89.14634146341463,3.231707317073171,3.0,1640
36081056800,Census Tract 568; Queens County; New York,36,81,56800,1573,101321.0,1364,209,86.7132867132867,13.286713286713287,22.6,1573
36081057700,Census Tract 577; Queens County; New York,36,81,57700,1437,75750.0,1308,97,91.02296450939458,6.75017397355602,0.6,1437
36081057900,Census Tract 579; Queens County; New York,36,81,57900,665,76023.0,557,80,83.7593984962406,12.030075187969924,0.0,665
36081058000,Census Tract 580; Queens County; New York,36,81,58000,1062,139342.0,1002,47,94.35028248587571,4.425612052730696,48.2,1062
36081058100,Census Tract 581; Queens County; New York,36,81,58100,1219,78950.0,1156,52,94.8318293683347,4.2657916324856435,0.5,1219
36081058200,Census Tract 582; Queens County; New York,36,81,58200,1478,123583.0,1461,17,98.84979702300406,1.1502029769959403,35.5,1478
36081058300,Census Tract 583; Queens County; New York,36,81,58300,1397,109327.0,1320,77,94.48818897637796,5.511811023622047,3.6,1397
36081058500,Census Tract 585; Queens County; New York,36,81,58500,1623,101157.0,1566,57,96.48798521256931,3.512014787430684,4.6,1623
36081058700,Census Tract 587; Queens County; New York,36,81,58700,1410,100385.0,1295,115,91.84397163120568,8.156028368794328,5.2,1410
36081058900,Census Tract 589; Queens County; New York,36,81,58900,1905,60224.0,1696,120,89.02887139107611,6.299212598425196,0.0,1905
36081059000,Census Tract 590; Queens County; New York,36,81,59000,391,93750.0,364,27,93.09462915601023,6.905370843989769,41.1,391
36081059100,Census Tract 591; Queens County; New York,36,81,59100,2133,53832.0,2021,96,94.74917955930614,4.50070323488045,2.1,2133
36081059200,Census Tract 592; Queens County; New York,36,81,59200,444,77857.0,404,40,90.990990990991,9.00900900900901,40.6,444
36081059300,Census Tract 593; Queens County; New York,36,81,59300,1646,90975.0,1466,148,89.06439854191981,8.99149453219927,0.3,1646
36081059400,Census Tract 594; Queens County; New York,36,81,59400,533,134297.0,526,0,98.68667917448406,0.0,24.2,533
36081059501,Census Tract 595.01; Queens County; New York,36,81,59501,760,80515.0,682,47,89.73684210526316,6.184210526315789,0.5,760
36081059502,Census Tract 595.02; Queens County; New York,36,81,59502,908,75833.0,857,51,94.38325991189427,5.616740088105727,0.0,908
36081059600,Census Tract 596; Queens County; New York,36,81,59600,568,92162.0,566,2,99.64788732394366,0.35211267605633806,28.1,568
36081059800,Census Tract 598; Queens County; New York,36,81,59800,553,96250.0,539,14,97.46835443037975,2.5316455696202533,24.1,553
36081059900,Census Tract 599; Queens County; New York,36,81,59900,451,120979.0,451,0,100.0,0.0,0.0,451
36081060000,Census Tract 600; Queens County; New York,36,81,60000,451,129519.0,414,37,91.7960088691796,8.2039911308204,40.5,451
36081060100,Census Tract 601; Queens County; New York,36,81,60100,845,75811.0,807,24,95.50295857988166,2.8402366863905324,0.3,845
36081060300,Census Tract 603; Queens County; New York,36,81,60300,762,95909.0,645,76,84.64566929133859,9.973753280839896,0.4,762
36081060600,Census Tract 606; Queens County; New York,36,81,60600,501,131250.0,447,54,89.22155688622755,10.778443113772456,33.7,501
36081060701,Census Tract 607.01; Queens County; New York,36,81,60701,0,,0,0,,,-666666666.0,0
36081060800,Census Tract 608; Queens County; New York,36,81,60800,506,115000.0,491,15,97.03557312252964,2.9644268774703555,31.6,506
36081061000,Census Tract 610; Queens County; New York,36,81,61000,415,97788.0,379,36,91.32530120481928,8.674698795180722,30.9,415
36081061200,Census Tract 612; Queens County; New York,36,81,61200,510,133214.0,510,0,100.0,0.0,38.0,510
36081061301,Census Tract 613.01; Queens County; New York,36,81,61301,1810,93669.0,1668,74,92.15469613259668,4.088397790055249,0.9,1810
36081061302,Census Tract 613.02; Queens County; New York,36,81,61302,0,,0,0,,,-666666666.0,0
36081061400,Census Tract 614; Queens County; New York,36,81,61400,419,132159.0,373,33,89.02147971360382,7.875894988066825,39.9,419
36081061601,Census Tract 616.01; Queens County; New York,36,81,61601,760,107838.0,670,83,88.1578947368421,10.921052631578949,44.7,760
36081061602,Census Tract 616.02; Queens County; New York,36,81,61602,384,127857.0,375,5,97.65625,1.3020833333333335,22.5,384
36081061800,Census Tract 618; Queens County; New York,36,81,61800,711,112868.0,670,41,94.23347398030943,5.766526019690577,37.9,711
36081061900,Census Tract 619; Queens County; New York,36,81,61900,1196,62083.0,1103,78,92.22408026755853,6.521739130434782,0.0,1196
36081062000,Census Tract 620; Queens County; New York,36,81,62000,524,129457.0,467,34,89.12213740458014,6.488549618320611,33.3,524
36081062100,Census Tract 621; Queens County; New York,36,81,62100,986,77011.0,972,14,98.58012170385395,1.4198782961460445,0.0,986
36081062200,Census Tract 622; Queens County; New York,36,81,62200,677,122938.0,637,40,94.09158050221565,5.908419497784342,50.9,677
36081062300,Census Tract 623; Queens County; New York,36,81,62300,883,77563.0,786,65,89.01472253680635,7.361268403171008,0.8,883
36081062400,Census Tract 624; Queens County; New York,36,81,62400,0,,0,0,,,-666666666.0,0
36081062500,Census Tract 625; Queens County; New York,36,81,62500,959,83631.0,916,41,95.51616266944734,4.275286757038582,1.1,959
36081062600,Census Tract 626; Queens County; New York,36,81,62600,937,139602.0,852,59,90.92849519743864,6.296691568836713,34.9,937
36081062700,Census Tract 627; Queens County; New York,36,81,62700,1096,76439.0,955,119,87.13503649635037,10.857664233576642,0.7,1096
36081062900,Census Tract 629; Queens County; New York,36,81,62900,1226,101097.0,1158,56,94.45350734094616,4.567699836867863,1.7,1226
36081063000,Census Tract 630; Queens County; New York,36,81,63000,587,120821.0,539,48,91.82282793867121,8.17717206132879,23.9,587
36081063200,Census Tract 632; Queens County; New York,36,81,63200,720,107672.0,595,104,82.63888888888889,14.444444444444443,48.3,720
36081063301,Census Tract 633.01; Queens County; New York,36,81,63301,529,142768.0,495,28,93.57277882797732,5.293005671077505,0.0,529
36081063302,Census Tract 633.02; Queens County; New York,36,81,63302,601,102292.0,561,32,93.34442595673876,5.324459234608985,0.0,601
36081063500,Census Tract 635; Queens County; New York,36,81,63500,933,86219.0,912,21,97.7491961414791,2.2508038585209005,0.0,933
36081063700,Census Tract 637; Queens County; New York,36,81,63700,1289,91488.0,1183,106,91.77657098525988,8.223429014740109,3.0,1289
36081063800,Census Tract 638; Queens County; New York,36,81,63800,1079,164604.0,1037,0,96.10750695088045,0.0,33.0,1079
36081063900,Census Tract 639; Queens County; New York,36,81,63900,1014,102083.0,956,58,94.28007889546352,5.719921104536489,0.7,1014
36081064101,Census Tract 641.01; Queens County; New York,36,81,64101,1033,99393.0,965,59,93.41723136495644,5.711519845111327,0.5,1033
36081064102,Census Tract 641.02; Queens County; New York,36,81,64102,0,,0,0,,,-666666666.0,0
36081064500,Census Tract 645; Queens County; New York,36,81,64500,821,81250.0,794,20,96.71132764920827,2.4360535931790497,0.0,821
36081064600,Census Tract 646; Queens County; New York,36,81,64600,1059,125875.0,869,114,82.05854579792256,10.764872521246458,38.5,1059
36081065000,Census Tract 650; Queens County; New York,36,81,65000,895,133482.0,801,68,89.49720670391062,7.597765363128492,35.0,895
36081065401,Census Tract 654.01; Queens County; New York,36,81,65401,967,104622.0,877,90,90.6928645294726,9.307135470527404,32.2,967
36081065402,Census Tract 654.02; Queens County; New York,36,81,65402,0,,0,0,,,-666666666.0,0
36081065501,Census Tract 655.01; Queens County; New York,36,81,65501,0,,0,0,,,-666666666.0,0
36081065600,Census Tract 656; Queens County; New York,36,81,65600,1668,117800.0,1529,139,91.66666666666666,8.333333333333332,50.7,1668
36081065702,Census Tract 657.02; Queens County; New York,36,81,65702,629,74821.0,563,61,89.50715421303657,9.697933227344992,0.0,629
36081065703,Census Tract 657.03; Queens County; New York,36,81,65703,1060,122434.0,1037,23,97.83018867924528,2.1698113207547167,0.0,1060
36081065900,Census Tract 659; Queens County; New York,36,81,65900,669,112917.0,659,10,98.50523168908819,1.4947683109118086,0.0,669
36081066000,Census Tract 660; Queens County; New York,36,81,66000,1157,137843.0,1146,0,99.04926534140017,0.0,41.6,1157
36081066100,Census Tract 661; Queens County; New York,36,81,66100,637,116806.0,565,33,88.69701726844585,5.180533751962323,0.0,637
36081066301,Census Tract 663.01; Queens County; New York,36,81,66301,1005,92318.0,877,109,87.2636815920398,10.845771144278608,0.0,1005
36081066302,Census Tract 663.02; Queens County; New York,36,81,66302,0,,0,0,,,-666666666.0,0
36081066401,Census Tract 664.01; Queens County; New York,36,81,66401,460,110000.0,460,0,100.0,0.0,27.4,460
36081066402,Census Tract 664.02; Queens County; New York,36,81,66402,1037,111494.0,942,95,90.83895853423336,9.161041465766633,36.4,1037
36081066403,Census Tract 664.03; Queens County; New York,36,81,66403,1658,100441.0,1644,0,99.1556091676719,0.0,43.8,1658
36081066404,Census Tract 664.04; Queens County; New York,36,81,66404,0,,0,0,,,-666666666.0,0
36081066501,Census Tract 665.01; Queens County; New York,36,81,66501,1601,100391.0,1471,119,91.88007495315428,7.432854465958775,0.0,1601
36081066701,Census Tract 667.01; Queens County; New York,36,81,66701,867,103594.0,808,34,93.19492502883506,3.9215686274509802,0.0,867
36081066900,Census Tract 669; Queens County; New York,36,81,66900,639,96484.0,598,25,93.58372456964005,3.912363067292645,0.0,639
36081067100,Census Tract 671; Queens County; New York,36,81,67100,914,121266.0,828,78,90.59080962800876,8.533916849015318,0.0,914
36081067700,Census Tract 677; Queens County; New York,36,81,67700,696,100313.0,596,100,85.63218390804597,14.367816091954023,0.0,696
36081067900,Census Tract 679; Queens County; New York,36,81,67900,1678,78538.0,1500,166,89.39213349225268,9.892729439809298,1.3,1678
36081068000,Census Tract 680; Queens County; New York,36,81,68000,1706,133510.0,1571,75,92.08675263774913,4.396248534583822,43.4,1706
36081068200,Census Tract 682; Queens County; New York,36,81,68200,371,89732.0,333,33,89.75741239892183,8.89487870619946,27.0,371
36081068300,Census Tract 683; Queens County; New York,36,81,68300,1571,85771.0,1425,115,90.7065563335455,7.32017823042648,2.9,1571
36081068700,Census Tract 687; Queens County; New York,36,81,68700,1953,86193.0,1850,81,94.72606246799795,4.147465437788019,4.0,1953
36081069000,Census Tract 690; Queens County; New York,36,81,69000,1141,111464.0,1029,88,90.1840490797546,7.712532865907098,58.0,1141
36081069300,Census Tract 693; Queens County; New York,36,81,69300,1248,57099.0,1158,76,92.78846153846155,6.089743589743589,0.1,1248
36081069400,Census Tract 694; Queens County; New York,36,81,69400,1198,117692.0,1159,17,96.74457429048414,1.4190317195325544,43.4,1198
36081069500,Census Tract 695; Queens County; New York,36,81,69500,880,91591.0,791,74,89.88636363636363,8.409090909090908,0.0,880
36081069701,Census Tract 697.01; Queens County; New York,36,81,69701,1768,102500.0,1659,69,93.83484162895928,3.9027149321266967,0.0,1768
36081069702,Census Tract 697.02; Queens County; New York,36,81,69702,1529,92489.0,1327,184,86.7887508175278,12.034009156311315,0.0,1529
36081070300,Census Tract 703; Queens County; New York,36,81,70300,917,106250.0,865,37,94.32933478735005,4.0348964013086155,0.2,917
36081070700,Census Tract 707; Queens County; New York,36,81,70700,985,138237.0,970,15,98.47715736040608,1.5228426395939088,0.7,985
36081070900,Census Tract 709; Queens County; New York,36,81,70900,1146,117375.0,1127,19,98.34205933682374,1.6579406631762654,0.8,1146
36081071100,Census Tract 711; Queens County; New York,36,81,71100,2966,100149.0,2816,80,94.94268374915711,2.6972353337828725,0.6,2966
36081071303,Census Tract 713.03; Queens County; New York,36,81,71303,2730,97563.0,2598,132,95.16483516483515,4.835164835164836,0.0,2730
36081071304,Census Tract 713.04; Queens County; New York,36,81,71304,3100,100238.0,3071,29,99.06451612903226,0.935483870967742,0.0,3100
36081071305,Census Tract 713.05; Queens County; New York,36,81,71305,2416,118409.0,2343,52,96.97847682119205,2.152317880794702,1.4,2416
36081071306,Census Tract 713.06; Queens County; New York,36,81,71306,3117,88329.0,2936,95,94.19313442412576,3.047802374077639,2.7,3117
36081071600,Census Tract 716; Queens County; New York,36,81,71600,0,,0,0,,,-666666666.0,0
36081071701,Census Tract 717.01; Queens County; New York,36,81,71701,2405,67566.0,2226,104,92.55717255717256,4.324324324324325,0.6,2405
36081071702,Census Tract 717.02; Queens County; New York,36,81,71702,1937,87958.0,1764,173,91.06866288074342,8.931337119256582,6.9,1937
36081071900,Census Tract 719; Queens County; New York,36,81,71900,1081,62408.0,986,80,91.2118408880666,7.400555041628122,2.1,1081
36081072100,Census Tract 721; Queens County; New York,36,81,72100,2132,100976.0,2025,42,94.98123827392119,1.9699812382739212,0.0,2132
36081072300,Census Tract 723; Queens County; New York,36,81,72300,878,181250.0,853,2,97.15261958997722,0.22779043280182232,0.7,878
36081072900,Census Tract 729; Queens County; New York,36,81,72900,480,104767.0,447,33,93.125,6.875000000000001,0.0,480
36081073100,Census Tract 731; Queens County; New York,36,81,73100,577,170913.0,524,53,90.81455805892547,9.185441941074524,0.0,577
36081073700,Census Tract 737; Queens County; New York,36,81,73700,1088,151731.0,1088,0,100.0,0.0,0.0,1088
36081073900,Census Tract 739; Queens County; New York,36,81,73900,2626,116815.0,2555,63,97.29626808834729,2.3990860624523993,0.1,2626
36081074100,Census Tract 741; Queens County; New York,36,81,74100,1620,96894.0,1516,40,93.58024691358024,2.4691358024691357,1.4,1620
36081074300,Census Tract 743; Queens County; New York,36,81,74300,1673,66972.0,1576,51,94.20203227734608,3.048416019127316,1.3,1673
36081074500,Census Tract 745; Queens County; New York,36,81,74500,1693,63268.0,1402,243,82.81157708210277,14.353219137625517,3.7,1693
36081074700,Census Tract 747; Queens County; New York,36,81,74700,1360,99769.0,1280,80,94.11764705882352,5.88235294117647,0.0,1360
36081074900,Census Tract 749; Queens County; New York,36,81,74900,571,224313.0,540,31,94.57092819614711,5.42907180385289,2.4,571
36081075701,Census Tract 757.01; Queens County; New York,36,81,75701,2522,117361.0,2468,54,97.85884218873909,2.141157811260904,2.7,2522
36081075702,Census Tract 757.02; Queens County; New York,36,81,75702,2328,125316.0,2222,106,95.44673539518901,4.553264604810996,1.0,2328
36081076901,Census Tract 769.01; Queens County; New York,36,81,76901,2454,111389.0,2294,110,93.480032599837,4.4824775876120615,0.3,2454
36081076902,Census Tract 769.02; Queens County; New York,36,81,76902,628,134545.0,607,21,96.656050955414,3.343949044585987,0.5,628
36081077300,Census Tract 773; Queens County; New York,36,81,77300,1167,106964.0,1112,55,95.28706083976007,4.712939160239932,3.6,1167
36081077500,Census Tract 775; Queens County; New York,36,81,77500,1121,84427.0,1109,12,98.92952720785013,1.070472792149866,1.9,1121
36081077902,Census Tract 779.02; Queens County; New York,36,81,77902,1829,102363.0,1795,11,98.14106068890104,0.6014215418261345,0.0,1829
36081077903,Census Tract 779.03; Queens County; New York,36,81,77903,1160,96944.0,1141,8,98.36206896551725,0.6896551724137931,4.0,1160
36081077904,Census Tract 779.04; Queens County; New York,36,81,77904,2081,107279.0,1976,105,94.95434887073523,5.045651129264776,0.4,2081
36081077905,Census Tract 779.05; Queens County; New York,36,81,77905,1384,94000.0,1341,43,96.89306358381504,3.106936416184971,5.5,1384
36081077906,Census Tract 779.06; Queens County; New York,36,81,77906,1446,86324.0,1331,115,92.04702627939142,7.952973720608575,0.2,1446
36081077907,Census Tract 779.07; Queens County; New York,36,81,77907,1100,68226.0,977,47,88.81818181818181,4.2727272727272725,3.6,1100
36081077908,Census Tract 779.08; Queens County; New York,36,81,77908,1194,79265.0,1115,59,93.38358458961474,4.941373534338359,13.6,1194
36081078800,Census Tract 788; Queens County; New York,36,81,78800,609,105529.0,539,70,88.50574712643679,11.494252873563218,18.8,609
36081079000,Census Tract 790; Queens County; New York,36,81,79000,872,97500.0,756,94,86.69724770642202,10.77981651376147,20.4,872
36081079200,Census Tract 792; Queens County; New York,36,81,79200,909,71510.0,672,230,73.92739273927393,25.302530253025303,23.2,909
36081079300,Census Tract 793; Queens County; New York,36,81,79300,0,,0,0,,,-666666666.0,0
36081079701,Census Tract 797.01; Queens County; New York,36,81,79701,2999,62173.0,2855,79,95.19839946648882,2.6342114038012667,0.3,2999
36081079702,Census Tract 797.02; Queens County; New York,36,81,79702,1683,48147.0,1448,235,86.03683897801545,13.963161021984552,0.3,1683
36081079900,Census Tract 799; Queens County; New York,36,81,79900,1170,48980.0,1050,120,89.74358974358975,10.256410256410255,0.0,1170
36081080301,Census Tract 803.01; Queens County; New York,36,81,80301,1100,59817.0,1024,28,93.0909090909091,2.5454545454545454,0.9,1100
36081080302,Census Tract 803.02; Queens County; New York,36,81,80302,938,82358.0,922,10,98.29424307036247,1.0660980810234542,0.0,938
36081080900,Census Tract 809; Queens County; New York,36,81,80900,2640,55716.0,2442,168,92.5,6.363636363636363,0.8,2640
36081081400,Census Tract 814; Queens County; New York,36,81,81400,1021,105179.0,988,33,96.76787463271303,3.232125367286973,12.5,1021
36081081800,Census Tract 818; Queens County; New York,36,81,81800,1019,130457.0,914,105,89.69578017664377,10.304219823356231,6.4,1019
36081083700,Census Tract 837; Queens County; New York,36,81,83700,1635,70028.0,1290,298,78.89908256880734,18.226299694189603,0.6,1635
36081083800,Census Tract 838; Queens County; New York,36,81,83800,1645,100354.0,1474,125,89.6048632218845,7.598784194528875,4.2,1645
36081084000,Census Tract 840; Queens County; New York,36,81,84000,2107,87614.0,1986,120,94.25723777883246,5.695301376364499,17.0,2107
36081084500,Census Tract 845; Queens County; New York,36,81,84500,2169,29552.0,1555,570,71.69202397418165,26.279391424619643,4.1,2169
36081084601,Census Tract 846.01; Queens County; New York,36,81,84601,810,102692.0,776,28,95.80246913580247,3.45679012345679,3.8,810
36081084602,Census Tract 846.02; Queens County; New York,36,81,84602,235,91953.0,235,0,100.0,0.0,8.9,235
36081084901,Census Tract 849.01; Queens County; New York,36,81,84901,1095,95551.0,975,120,89.04109589041096,10.95890410958904,0.5,1095
36081084902,Census Tract 849.02; Queens County; New York,36,81,84902,1345,40901.0,1324,21,98.43866171003718,1.5613382899628252,0.9,1345
36081085300,Census Tract 853; Queens County; New York,36,81,85300,2514,35985.0,2133,150,84.84486873508354,5.966587112171838,0.0,2514
36081085500,Census Tract 855; Queens County; New York,36,81,85500,2498,42611.0,2287,211,91.55324259407526,8.44675740592474,1.7,2498
36081085700,Census Tract 857; Queens County; New York,36,81,85700,2060,54914.0,1743,310,84.6116504854369,15.048543689320388,1.7,2060
36081085900,Census Tract 859; Queens County; New York,36,81,85900,2389,60460.0,2167,100,90.7074089577229,4.185851820845542,0.3,2389
36081086100,Census Tract 861; Queens County; New York,36,81,86100,764,42026.0,668,72,87.43455497382199,9.424083769633508,0.0,764
36081086300,Census Tract 863; Queens County; New York,36,81,86300,2392,53839.0,2128,264,88.96321070234113,11.036789297658862,0.8,2392
36081086400,Census Tract 864; Queens County; New York,36,81,86400,823,128398.0,769,54,93.43863912515188,6.561360874848117,1.4,823
36081086500,Census Tract 865; Queens County; New York,36,81,86500,2349,65433.0,1989,315,84.67432950191571,13.409961685823754,0.9,2349
36081086900,Census Tract 869; Queens County; New York,36,81,86900,908,95469.0,846,40,93.17180616740089,4.405286343612335,0.8,908
36081087100,Census Tract 871; Queens County; New York,36,81,87100,2526,52250.0,2271,143,89.90498812351544,5.661124307205067,1.2,2526
36081088400,Census Tract 884; Queens County; New York,36,81,88400,3288,96806.0,2985,265,90.78467153284672,8.059610705596107,4.9,3288
36081088902,Census Tract 889.02; Queens County; New York,36,81,88902,2766,59200.0,2633,49,95.19161243673175,1.7715112075198842,2.9,2766
36081088903,Census Tract 889.03; Queens County; New York,36,81,88903,1568,53393.0,1327,241,84.63010204081633,15.369897959183673,0.1,1568
36081089201,Census Tract 892.01; Queens County; New York,36,81,89201,2727,155291.0,2659,52,97.5064173083975,1.906857352401907,0.0,2727
36081089202,Census Tract 892.02; Queens County; New York,36,81,89202,0,,0,0,,,-666666666.0,0
36081090700,Census Tract 907; Queens County; New York,36,81,90700,562,101023.0,531,31,94.48398576512456,5.5160142348754455,0.6,562
36081091602,Census Tract 916.02; Queens County; New York,36,81,91602,5,,5,0,100.0,0.0,0.0,5
36081091603,Census Tract 916.03; Queens County; New York,36,81,91603,1865,122443.0,1782,83,95.54959785522789,4.450402144772117,0.0,1865
36081091604,Census Tract 916.04; Queens County; New York,36,81,91604,0,,0,0,,,-666666666.0,0
36081091800,Census Tract 918; Queens County; New York,36,81,91800,4,,4,0,100.0,0.0,0.0,4
36081091900,Census Tract 919; Queens County; New York,36,81,91900,1823,106612.0,1664,159,91.27811300054854,8.721886999451453,0.4,1823
36081092200,Census Tract 922; Queens County; New York,36,81,92200,828,175682.0,763,44,92.14975845410628,5.314009661835748,0.0,828
36081092500,Census Tract 925; Queens County; New York,36,81,92500,1186,64107.0,1172,14,98.8195615514334,1.1804384485666104,0.3,1186
36081092800,Census Tract 928; Queens County; New York,36,81,92800,1156,162798.0,1135,21,98.1833910034602,1.8166089965397925,0.0,1156
36081092900,Census Tract 929; Queens County; New York,36,81,92900,2163,112324.0,2130,17,98.47434119278779,0.7859454461396209,1.8,2163
36081093401,Census Tract 934.01; Queens County; New York,36,81,93401,1476,131471.0,1414,52,95.79945799457995,3.523035230352303,0.0,1476
36081093402,Census Tract 934.02; Queens County; New York,36,81,93402,1687,107371.0,1600,30,94.8429164196799,1.7783046828689981,1.3,1687
36081093800,Census Tract 938; Queens County; New York,36,81,93800,2032,81573.0,1932,0,95.07874015748031,0.0,6.0,2032
36081093900,Census Tract 939; Queens County; New York,36,81,93900,1768,79471.0,1727,41,97.68099547511312,2.319004524886878,0.0,1768
36081094201,Census Tract 942.01; Queens County; New York,36,81,94201,1339,75966.0,1317,22,98.35698282300224,1.6430171769977595,8.0,1339
36081094202,Census Tract 942.02; Queens County; New York,36,81,94202,2140,56800.0,1953,126,91.26168224299064,5.887850467289719,6.6,2140
36081094203,Census Tract 942.03; Queens County; New York,36,81,94203,2951,48482.0,2579,351,87.39410369366315,11.894273127753303,1.2,2951
36081094500,Census Tract 945; Queens County; New York,36,81,94500,1375,79406.0,1269,91,92.2909090909091,6.618181818181817,0.0,1375
36081094700,Census Tract 947; Queens County; New York,36,81,94700,765,85819.0,682,73,89.15032679738563,9.542483660130719,0.0,765
36081095400,Census Tract 954; Queens County; New York,36,81,95400,2063,82053.0,1921,39,93.11682016480853,1.8904507998061075,5.3,2063
36081096400,Census Tract 964; Queens County; New York,36,81,96400,2245,89432.0,2146,16,95.5902004454343,0.7126948775055679,11.1,2245
36081097202,Census Tract 972.02; Queens County; New York,36,81,97202,1300,22500.0,1151,37,88.53846153846155,2.8461538461538463,5.5,1300
36081097204,Census Tract 972.04; Queens County; New York,36,81,97204,1315,73180.0,1274,41,96.88212927756655,3.11787072243346,8.5,1315
36081097205,Census Tract 972.05; Queens County; New York,36,81,97205,1294,21295.0,1089,139,84.15765069551777,10.741885625965997,3.2,1294
36081097206,Census Tract 972.06; Queens County; New York,36,81,97206,1342,34679.0,1029,313,76.67660208643815,23.32339791356185,26.8,1342
36081097207,Census Tract 972.07; Queens County; New York,36,81,97207,0,,0,0,,,-666666666.0,0
36081097300,Census Tract 973; Queens County; New York,36,81,97300,803,86008.0,730,64,90.9090909090909,7.970112079701121,0.3,803
36081098100,Census Tract 981; Queens County; New York,36,81,98100,891,129250.0,823,68,92.36812570145904,7.631874298540965,0.0,891
36081098700,Census Tract 987; Queens County; New York,36,81,98700,1010,105313.0,999,11,98.91089108910892,1.089108910891089,0.7,1010
36081099100,Census Tract 991; Queens County; New York,36,81,99100,2868,110250.0,2633,99,91.80613668061368,3.4518828451882846,0.0,2868
36081099200,Census Tract 992; Queens County; New York,36,81,99200,1579,36736.0,1458,121,92.33692210259657,7.6630778974034195,8.6,1579
36081099701,Census Tract 997.01; Queens County; New York,36,81,99701,1138,93368.0,1099,39,96.57293497363796,3.427065026362039,0.0,1138
36081099703,Census Tract 997.03; Queens County; New York,36,81,99703,1837,122188.0,1699,127,92.4877517691889,6.913445835601524,5.7,1837
36081099704,Census Tract 997.04; Queens County; New York,36,81,99704,3701,87323.0,3483,218,94.10970008105917,5.890299918940827,0.8,3701
36081099705,Census Tract 997.05; Queens County; New York,36,81,99705,1208,117283.0,1171,37,96.93708609271523,3.062913907284768,0.0,1208
36081099801,Census Tract 998.01; Queens County; New York,36,81,99801,2612,70278.0,2512,63,96.17151607963247,2.4119448698315464,16.9,2612
36081099802,Census Tract 998.02; Queens County; New York,36,81,99802,2822,41654.0,2416,406,85.61304039688164,14.386959603118354,22.3,2822
36081099900,Census Tract 999; Queens County; New York,36,81,99900,0,,0,0,,,-666666666.0,0
36081100801,Census Tract 1008.01; Queens County; New York,36,81,100801,706,136800.0,696,10,98.58356940509914,1.41643059490085,24.9,706
36081100803,Census Tract 1008.03; Queens County; New York,36,81,100803,1357,46534.0,1119,144,82.46131171702285,10.611643330876934,13.6,1357
36081100804,Census Tract 1008.04; Queens County; New York,36,81,100804,1457,106235.0,1379,78,94.646533973919,5.353466026080989,17.9,1457
36081101002,Census Tract 1010.02; Queens County; New York,36,81,101002,1874,77188.0,1710,88,91.2486659551761,4.695837780149413,1.0,1874
36081101003,Census Tract 1010.03; Queens County; New York,36,81,101003,1430,72254.0,1298,75,90.76923076923077,5.244755244755245,3.3,1430
36081101004,Census Tract 1010.04; Queens County; New York,36,81,101004,2583,48236.0,2172,328,84.08826945412311,12.698412698412698,10.3,2583
36081101700,Census Tract 1017; Queens County; New York,36,81,101700,2519,110572.0,2268,206,90.03572846367605,8.177848352520842,0.0,2519
36081102900,Census Tract 1029; Queens County; New York,36,81,102900,1575,102972.0,1404,148,89.14285714285714,9.396825396825397,0.2,1575
36081103201,Census Tract 1032.01; Queens County; New York,36,81,103201,1930,50123.0,1654,244,85.69948186528498,12.642487046632125,3.7,1930
36081103202,Census Tract 1032.02; Queens County; New York,36,81,103202,2392,77069.0,2115,209,88.41973244147158,8.737458193979933,8.8,2392
36081103300,Census Tract 1033; Queens County; New York,36,81,103300,1544,123810.0,1395,94,90.34974093264249,6.0880829015544045,0.0,1544
36081103900,Census Tract 1039; Queens County; New York,36,81,103900,2316,76587.0,2053,111,88.64421416234887,4.792746113989637,0.0,2316
36081104700,Census Tract 1047; Queens County; New York,36,81,104700,2825,66683.0,2636,167,93.30973451327434,5.9115044247787605,0.0,2825
36081105900,Census Tract 1059; Queens County; New York,36,81,105900,1326,109000.0,1274,12,96.07843137254902,0.904977375565611,0.5,1326
36081107201,Census Tract 1072.01; Queens County; New York,36,81,107201,919,111354.0,867,52,94.34167573449402,5.658324265505985,1.3,919
36081107202,Census Tract 1072.02; Queens County; New York,36,81,107202,0,,0,0,,,-666666666.0,0
36081108500,Census Tract 1085; Queens County; New York,36,81,108500,1062,71111.0,1049,13,98.7758945386064,1.2241054613935969,0.1,1062
36081109300,Census Tract 1093; Queens County; New York,36,81,109300,997,125536.0,940,57,94.28284854563691,5.717151454363089,0.1,997
36081109700,Census Tract 1097; Queens County; New York,36,81,109700,665,134145.0,647,18,97.29323308270676,2.706766917293233,0.2,665
36081109900,Census Tract 1099; Queens County; New York,36,81,109900,1238,96250.0,1198,29,96.76898222940227,2.34248788368336,0.1,1238
36081111300,Census Tract 1113; Queens County; New York,36,81,111300,833,143917.0,833,0,100.0,0.0,1.4,833
36081112300,Census Tract 1123; Queens County; New York,36,81,112300,813,93194.0,764,17,93.9729397293973,2.091020910209102,0.0,813
36081112900,Census Tract 1129; Queens County; New York,36,81,112900,819,104688.0,769,21,93.89499389499389,2.564102564102564,0.0,819
36081113300,Census Tract 1133; Queens County; New York,36,81,113300,655,111094.0,611,44,93.2824427480916,6.7175572519083975,0.0,655
36081113900,Census Tract 1139; Queens County; New York,36,81,113900,1541,85485.0,1508,13,97.85853341985724,0.8436080467229071,1.0,1541
36081114100,Census Tract 1141; Queens County; New York,36,81,114100,858,121579.0,835,23,97.31934731934732,2.6806526806526807,0.0,858
36081114700,Census Tract 1147; Queens County; New York,36,81,114700,617,102135.0,611,6,99.02755267423015,0.9724473257698543,0.0,617
36081115100,Census Tract 1151; Queens County; New York,36,81,115100,379,108542.0,366,13,96.56992084432717,3.430079155672823,0.0,379
36081115500,Census Tract 1155; Queens County; New York,36,81,115500,733,109063.0,670,56,91.40518417462484,7.639836289222374,0.3,733
36081115700,Census Tract 1157; Queens County; New York,36,81,115700,1185,64153.0,1093,63,92.23628691983123,5.3164556962025316,0.0,1185
36081115900,Census Tract 1159; Queens County; New York,36,81,115900,1635,61776.0,1258,249,76.94189602446482,15.229357798165138,1.6,1635
36081116100,Census Tract 1161; Queens County; New York,36,81,116100,1373,43417.0,1332,41,97.01383831026948,2.986161689730517,2.7,1373
36081116301,Census Tract 1163.01; Queens County; New York,36,81,116301,1699,65526.0,1631,21,95.99764567392583,1.2360211889346673,2.7,1699
36081116302,Census Tract 1163.02; Queens County; New York,36,81,116302,1205,53631.0,1166,39,96.76348547717842,3.2365145228215773,5.5,1205
36081116700,Census Tract 1167; Queens County; New York,36,81,116700,644,62857.0,588,42,91.30434782608695,6.521739130434782,0.0,644
36081117100,Census Tract 1171; Queens County; New York,36,81,117100,947,78856.0,928,0,97.9936642027455,0.0,0.0,947
36081117500,Census Tract 1175; Queens County; New York,36,81,117500,1727,78098.0,1715,12,99.30515344528084,0.6948465547191662,1.8,1727
36081118100,Census Tract 1181; Queens County; New York,36,81,118100,689,100536.0,658,24,95.50072568940493,3.483309143686502,0.5,689
36081118500,Census Tract 1185; Queens County; New York,36,81,118500,725,67277.0,633,25,87.3103448275862,3.4482758620689653,0.8,725
36081118700,Census Tract 1187; Queens County; New York,36,81,118700,904,71657.0,815,65,90.15486725663717,7.1902654867256635,0.0,904
36081118900,Census Tract 1189; Queens County; New York,36,81,118900,924,56446.0,819,105,88.63636363636364,11.363636363636363,0.0,924
36081119100,Census Tract 1191; Queens County; New York,36,81,119100,1071,68355.0,1007,50,94.02427637721755,4.6685340802987865,0.0,1071
36081119300,Census Tract 1193; Queens County; New York,36,81,119300,742,54273.0,692,13,93.26145552560648,1.7520215633423182,0.0,742
36081119500,Census Tract 1195; Queens County; New York,36,81,119500,425,94010.0,409,16,96.23529411764706,3.7647058823529407,0.0,425
36081119900,Census Tract 1199; Queens County; New York,36,81,119900,514,123519.0,485,21,94.3579766536965,4.085603112840467,3.6,514
36081120100,Census Tract 1201; Queens County; New York,36,81,120100,499,86125.0,413,86,82.76553106212425,17.234468937875754,0.0,499
36081120300,Census Tract 1203; Queens County; New York,36,81,120300,568,61000.0,452,116,79.5774647887324,20.422535211267608,0.0,568
36081120500,Census Tract 1205; Queens County; New York,36,81,120500,955,26563.0,707,156,74.03141361256544,16.335078534031414,0.4,955
36081120701,Census Tract 1207.01; Queens County; New York,36,81,120701,872,115750.0,864,0,99.08256880733946,0.0,0.8,872
36081120702,Census Tract 1207.02; Queens County; New York,36,81,120702,0,,0,0,,,-666666666.0,0
36081121100,Census Tract 1211; Queens County; New York,36,81,121100,0,,0,0,,,-666666666.0,0
36081121500,Census Tract 1215; Queens County; New York,36,81,121500,1373,92412.0,1330,33,96.8681718863802,2.4034959941733427,0.7,1373
36081122300,Census Tract 1223; Queens County; New York,36,81,122300,1294,96313.0,1249,34,96.52241112828439,2.627511591962906,1.2,1294
36081122702,Census Tract 1227.02; Queens County; New York,36,81,122702,2764,26161.0,2356,289,85.23878437047757,10.455861070911721,2.7,2764
36081122703,Census Tract 1227.03; Queens County; New York,36,81,122703,2663,68089.0,2561,34,96.16973338340217,1.2767555388659406,1.7,2663
36081122704,Census Tract 1227.04; Queens County; New York,36,81,122704,1929,82292.0,1654,255,85.74390876101607,13.21928460342146,1.4,1929
36081124100,Census Tract 1241; Queens County; New York,36,81,124100,1390,96560.0,1333,45,95.89928057553956,3.237410071942446,3.8,1390
36081124700,Census Tract 1247; Queens County; New York,36,81,124700,1320,118813.0,1284,36,97.27272727272728,2.727272727272727,0.2,1320
36081125700,Census Tract 1257; Queens County; New York,36,81,125700,1033,107125.0,924,58,89.44820909970959,5.614714424007745,3.5,1033
36081126500,Census Tract 1265; Queens County; New York,36,81,126500,675,146250.0,621,49,92.0,7.2592592592592595,0.3,675
36081126700,Census Tract 1267; Queens County; New York,36,81,126700,660,98000.0,624,24,94.54545454545455,3.6363636363636362,12.0,660
36081127700,Census Tract 1277; Queens County; New York,36,81,127700,1060,119591.0,1013,47,95.56603773584905,4.433962264150943,1.2,1060
36081128300,Census Tract 1283; Queens County; New York,36,81,128300,0,,0,0,,,-666666666.0,0
36081129102,Census Tract 1291.02; Queens County; New York,36,81,129102,1208,150263.0,1193,15,98.75827814569537,1.2417218543046358,0.0,1208
36081129103,Census Tract 1291.03; Queens County; New York,36,81,129103,1966,79367.0,1853,103,94.25228891149541,5.239064089521872,1.1,1966
36081129104,Census Tract 1291.04; Queens County; New York,36,81,129104,1763,127303.0,1657,106,93.98752127056154,6.012478729438457,3.4,1763
36081130100,Census Tract 1301; Queens County; New York,36,81,130100,1647,94854.0,1530,81,92.89617486338798,4.918032786885246,5.6,1647
36081133300,Census Tract 1333; Queens County; New York,36,81,133300,1462,138602.0,1421,41,97.19562243502052,2.80437756497948,0.6,1462
36081133900,Census Tract 1339; Queens County; New York,36,81,133900,483,129934.0,454,29,93.99585921325053,6.004140786749482,0.1,483
36081134100,Census Tract 1341; Queens County; New York,36,81,134100,1143,59033.0,1100,43,96.23797025371829,3.762029746281715,0.0,1143
36081134701,Census Tract 1347.01; Queens County; New York,36,81,134701,1964,92125.0,1796,104,91.44602851323829,5.295315682281059,2.8,1964
36081134702,Census Tract 1347.02; Queens County; New York,36,81,134702,1606,84031.0,1463,90,91.0958904109589,5.603985056039851,4.7,1606
36081136700,Census Tract 1367; Queens County; New York,36,81,136700,2354,82139.0,2065,237,87.72302463891249,10.067969413763807,0.3,2354
36081137700,Census Tract 1377; Queens County; New York,36,81,137700,2543,99140.0,2363,139,92.92174596932756,5.465985057019269,2.8,2543
36081138501,Census Tract 1385.01; Queens County; New York,36,81,138501,1461,92132.0,1419,38,97.1252566735113,2.6009582477754964,0.0,1461
36081138502,Census Tract 1385.02; Queens County; New York,36,81,138502,0,,0,0,,,1.1,0
36081139900,Census Tract 1399; Queens County; New York,36,81,139900,532,128000.0,521,10,97.93233082706767,1.8796992481203008,0.0,532
36081140300,Census Tract 1403; Queens County; New York,36,81,140300,790,71842.0,739,35,93.54430379746836,4.430379746835443,0.0,790
36081140901,Census Tract 1409.01; Queens County; New York,36,81,140901,322,130281.0,318,0,98.75776397515527,0.0,0.0,322
36081140902,Census Tract 1409.02; Queens County; New York,36,81,140902,866,120208.0,841,25,97.11316397228637,2.886836027713626,0.0,866
36081141700,Census Tract 1417; Queens County; New York,36,81,141700,1545,76275.0,1427,118,92.36245954692556,7.6375404530744335,0.0,1545
36081142900,Census Tract 1429; Queens County; New York,36,81,142900,1380,100864.0,1131,249,81.95652173913044,18.043478260869566,0.0,1380
36081143500,Census Tract 1435; Queens County; New York,36,81,143500,759,121875.0,699,53,92.09486166007905,6.982872200263504,0.4,759
36081144100,Census Tract 1441; Queens County; New York,36,81,144100,1177,111410.0,1159,13,98.47068819031436,1.1045029736618521,0.0,1177
36081144700,Census Tract 1447; Queens County; New York,36,81,144700,1037,94766.0,945,80,91.12825458052073,7.714561234329798,1.2,1037
36081145101,Census Tract 1451.01; Queens County; New York,36,81,145101,424,71154.0,407,17,95.99056603773585,4.009433962264151,0.3,424
36081145102,Census Tract 1451.02; Queens County; New York,36,81,145102,915,93523.0,816,96,89.18032786885246,10.491803278688524,2.7,915
36081145900,Census Tract 1459; Queens County; New York,36,81,145900,960,125962.0,893,54,93.02083333333333,5.625,0.0,960
36081146300,Census Tract 1463; Queens County; New York,36,81,146300,1085,87244.0,1040,45,95.85253456221197,4.147465437788019,1.4,1085
36081146700,Census Tract 1467; Queens County; New York,36,81,146700,1404,106538.0,1354,31,96.43874643874643,2.207977207977208,0.7,1404
36081147100,Census Tract 1471; Queens County; New York,36,81,147100,1401,106615.0,1162,208,82.94075660242683,14.846538187009278,0.0,1401
36081147900,Census Tract 1479; Queens County; New York,36,81,147900,1788,92045.0,1727,61,96.58836689038031,3.411633109619687,0.8,1788
36081148300,Census Tract 1483; Queens County; New York,36,81,148300,1077,178509.0,1047,30,97.21448467966573,2.785515320334262,0.0,1077
36081150701,Census Tract 1507.01; Queens County; New York,36,81,150701,1139,158875.0,1094,22,96.04916593503073,1.9315188762071993,0.0,1139
36081150702,Census Tract 1507.02; Queens County; New York,36,81,150702,1289,107375.0,1241,48,96.27618308766486,3.7238169123351437,0.1,1289
36081152901,Census Tract 1529.01; Queens County; New York,36,81,152901,2300,100909.0,2086,167,90.69565217391305,7.260869565217392,5.4,2300
36081152902,Census Tract 1529.02; Queens County; New York,36,81,152902,2495,129832.0,2344,151,93.94789579158316,6.052104208416834,0.4,2495
36081155101,Census Tract 1551.01; Queens County; New York,36,81,155101,1533,89931.0,1365,114,89.04109589041096,7.436399217221135,0.0,1533
36081155103,Census Tract 1551.03; Queens County; New York,36,81,155103,2205,114526.0,2144,61,97.23356009070295,2.7664399092970524,5.7,2205
36081155104,Census Tract 1551.04; Queens County; New York,36,81,155104,1203,88882.0,1130,41,93.93183707398171,3.408146300914381,2.1,1203
36081156700,Census Tract 1567; Queens County; New York,36,81,156700,302,59722.0,266,29,88.0794701986755,9.602649006622517,4.9,302
36081157101,Census Tract 1571.01; Queens County; New York,36,81,157101,2537,90575.0,2101,405,82.81434765471029,15.963736696886086,3.9,2537
36081157102,Census Tract 1571.02; Queens County; New York,36,81,157102,612,118250.0,568,20,92.81045751633987,3.2679738562091507,2.3,612
36081157901,Census Tract 1579.01; Queens County; New York,36,81,157901,1602,133542.0,1522,39,95.00624219725343,2.4344569288389515,7.3,1602
36081157902,Census Tract 1579.02; Queens County; New York,36,81,157902,1274,107153.0,1187,87,93.17111459968604,6.828885400313972,0.2,1274
36081157903,Census Tract 1579.03; Queens County; New York,36,81,157903,1155,127533.0,1154,0,99.91341991341992,0.0,1.5,1155
36081161700,Census Tract 1617; Queens County; New York,36,81,161700,1571,119688.0,1559,12,99.23615531508592,0.7638446849140674,0.9,1571
36081162100,Census Tract 1621; Queens County; New York,36,81,162100,2057,121101.0,1904,105,92.56198347107438,5.104521147301896,3.3,2057
36081990100,Census Tract 9901; Queens County; New York,36,81,990100,0,,0,0,,,-666666666.0,0
36085000300,Census Tract 3; Richmond County; New York,36,85,300,948,77981.0,848,82,89.45147679324894,8.649789029535865,1.2,948
36085000600,Census Tract 6; Richmond County; New York,36,85,600,1277,34492.0,1121,127,87.78386844166015,9.945184025058731,0.4,1277
36085000700,Census Tract 7; Richmond County; New York,36,85,700,1942,52813.0,1763,179,90.7826982492276,9.2173017507724,6.9,1942
36085000800,Census Tract 8; Richmond County; New York,36,85,800,1858,91438.0,1835,13,98.76210979547902,0.6996770721205597,0.0,1858
36085000900,Census Tract 9; Richmond County; New York,36,85,900,864,66208.0,659,168,76.27314814814815,19.444444444444446,13.4,864
36085001100,Census Tract 11; Richmond County; New York,36,85,1100,1270,57368.0,1127,124,88.74015748031496,9.763779527559056,1.7,1270
36085001700,Census Tract 17; Richmond County; New York,36,85,1700,595,64006.0,556,33,93.4453781512605,5.546218487394958,6.2,595
36085001800,Census Tract 18; Richmond County; New York,36,85,1800,146,67273.0,116,24,79.45205479452055,16.43835616438356,16.5,146
36085002001,Census Tract 20.01; Richmond County; New York,36,85,2001,1519,69620.0,1321,80,86.9651086240948,5.266622778143516,0.1,1519
36085002002,Census Tract 20.02; Richmond County; New York,36,85,2002,1291,66641.0,1237,28,95.81719597211465,2.168861347792409,0.0,1291
36085002100,Census Tract 21; Richmond County; New York,36,85,2100,2160,46667.0,1795,351,83.10185185185185,16.25,2.0,2160
36085002700,Census Tract 27; Richmond County; New York,36,85,2700,395,45848.0,304,91,76.9620253164557,23.037974683544306,1.4,395
36085002900,Census Tract 29; Richmond County; New York,36,85,2900,1831,50189.0,1436,395,78.42708902239214,21.572910977607865,5.8,1831
36085003300,Census Tract 33; Richmond County; New York,36,85,3300,1429,95317.0,1314,99,91.95241427571729,6.927921623512947,0.9,1429
36085003600,Census Tract 36; Richmond County; New York,36,85,3600,870,88929.0,687,123,78.96551724137932,14.13793103448276,8.0,870
36085003900,Census Tract 39; Richmond County; New York,36,85,3900,1102,103702.0,944,132,85.66243194192378,11.978221415607985,4.7,1102
36085004001,Census Tract 40.01; Richmond County; New York,36,85,4001,1102,59962.0,1020,52,92.5589836660617,4.71869328493648,1.1,1102
36085004002,Census Tract 40.02; Richmond County; New York,36,85,4002,776,74759.0,770,6,99.22680412371135,0.7731958762886598,6.3,776
36085004003,Census Tract 40.03; Richmond County; New York,36,85,4003,1409,24896.0,1015,334,72.03690560681333,23.70475514549326,4.1,1409
36085004004,Census Tract 40.04; Richmond County; New York,36,85,4004,1111,120497.0,1038,73,93.42934293429343,6.5706570657065715,3.7,1111
36085004700,Census Tract 47; Richmond County; New York,36,85,4700,928,108750.0,895,22,96.44396551724138,2.3706896551724137,2.8,928
36085005000,Census Tract 50; Richmond County; New York,36,85,5000,1500,74890.0,1427,61,95.13333333333334,4.066666666666666,0.0,1500
36085005901,Census Tract 59.01; Richmond County; New York,36,85,5901,1137,95863.0,1067,34,93.84344766930519,2.990325417766051,2.6,1137
36085005902,Census Tract 59.02; Richmond County; New York,36,85,5902,0,,0,0,,,-666666666.0,0
36085006400,Census Tract 64; Richmond County; New York,36,85,6400,1221,67946.0,1023,137,83.78378378378379,11.22031122031122,0.4,1221
36085006700,Census Tract 67; Richmond County; New York,36,85,6700,1192,97432.0,1151,0,96.56040268456377,0.0,2.8,1192
36085007001,Census Tract 70.01; Richmond County; New York,36,85,7001,1044,78558.0,1017,17,97.41379310344827,1.628352490421456,0.4,1044
36085007002,Census Tract 70.02; Richmond County; New York,36,85,7002,1777,98574.0,1713,30,96.3984243106359,1.6882386043894204,0.7,1777
36085007400,Census Tract 74; Richmond County; New York,36,85,7400,1791,78701.0,1521,132,84.92462311557789,7.370184254606365,2.6,1791
36085007500,Census Tract 75; Richmond County; New York,36,85,7500,972,81200.0,916,39,94.23868312757202,4.012345679012346,0.6,972
36085007700,Census Tract 77; Richmond County; New York,36,85,7700,523,89961.0,445,69,85.08604206500956,13.193116634799235,10.9,523
36085008100,Census Tract 81; Richmond County; New York,36,85,8100,1795,91274.0,1468,277,81.78272980501393,15.43175487465181,5.7,1795
36085009601,Census Tract 96.01; Richmond County; New York,36,85,9601,1562,105670.0,1238,267,79.25736235595392,17.09346991037132,0.2,1562
36085009602,Census Tract 96.02; Richmond County; New York,36,85,9602,1444,89392.0,1236,162,85.59556786703601,11.218836565096952,2.4,1444
36085009701,Census Tract 97.01; Richmond County; New York,36,85,9701,1639,100996.0,1468,171,89.56680902989628,10.433190970103722,2.7,1639
36085009702,Census Tract 97.02; Richmond County; New York,36,85,9702,21,,21,0,100.0,0.0,0.0,21
36085010500,Census Tract 105; Richmond County; New York,36,85,10500,1768,96607.0,1640,103,92.76018099547511,5.82579185520362,4.0,1768
36085011201,Census Tract 112.01; Richmond County; New York,36,85,11201,1866,92387.0,1817,29,97.37406216505894,1.5541264737406217,0.0,1866
36085011203,Census Tract 112.03; Richmond County; New York,36,85,11203,2244,72935.0,1933,213,86.14081996434938,9.491978609625669,0.2,2244
36085011204,Census Tract 112.04; Richmond County; New York,36,85,11204,27,,27,0,100.0,0.0,0.0,27
36085011401,Census Tract 114.01; Richmond County; New York,36,85,11401,1408,50878.0,1377,31,97.79829545454545,2.2017045454545454,3.0,1408
36085011402,Census Tract 114.02; Richmond County; New York,36,85,11402,1201,111058.0,1008,175,83.9300582847627,14.571190674437966,0.0,1201
36085012100,Census Tract 121; Richmond County; New York,36,85,12100,1091,202699.0,1073,10,98.35013748854263,0.916590284142988,0.0,1091
36085012200,Census Tract 122; Richmond County; New York,36,85,12200,1383,127824.0,1290,65,93.27548806941431,4.6999276934201015,0.0,1383
36085012500,Census Tract 125; Richmond County; New York,36,85,12500,1148,138000.0,1071,77,93.29268292682927,6.707317073170732,11.0,1148
36085012804,Census Tract 128.04; Richmond County; New York,36,85,12804,1525,97624.0,1392,21,91.27868852459017,1.377049180327869,2.7,1525
36085012805,Census Tract 128.05; Richmond County; New York,36,85,12805,771,134512.0,757,14,98.18417639429312,1.8158236057068744,0.0,771
36085012806,Census Tract 128.06; Richmond County; New York,36,85,12806,2350,67857.0,2130,208,90.63829787234042,8.851063829787234,0.8,2350
36085013201,Census Tract 132.01; Richmond County; New York,36,85,13201,547,117083.0,514,20,93.96709323583181,3.656307129798903,0.0,547
36085013203,Census Tract 132.03; Richmond County; New York,36,85,13203,2309,102750.0,2229,44,96.53529666522303,1.9055868341273277,0.0,2309
36085013204,Census Tract 132.04; Richmond County; New York,36,85,13204,1789,108447.0,1741,44,97.31693683622136,2.4594745667970934,0.8,1789
36085013301,Census Tract 133.01; Richmond County; New York,36,85,13301,499,33705.0,333,164,66.73346693386773,32.86573146292585,5.9,499
36085013302,Census Tract 133.02; Richmond County; New York,36,85,13302,965,92070.0,865,100,89.63730569948186,10.362694300518134,0.9,965
36085013400,Census Tract 134; Richmond County; New York,36,85,13400,1372,93145.0,1247,61,90.88921282798835,4.446064139941691,0.0,1372
36085013800,Census Tract 138; Richmond County; New York,36,85,13800,2477,146975.0,2357,120,95.15542995559144,4.844570044408559,0.0,2477
36085014100,Census Tract 141; Richmond County; New York,36,85,14100,1054,92500.0,905,106,85.86337760910816,10.056925996204933,0.7,1054
36085014604,Census Tract 146.04; Richmond County; New York,36,85,14604,2382,126950.0,2283,77,95.84382871536525,3.232577665827036,0.0,2382
36085014605,Census Tract 146.05; Richmond County; New York,36,85,14605,1336,148065.0,1292,32,96.7065868263473,2.3952095808383236,0.0,1336
36085014606,Census Tract 146.06; Richmond County; New York,36,85,14606,2254,97247.0,2140,28,94.94232475598935,1.2422360248447204,0.0,2254
36085014607,Census Tract 146.07; Richmond County; New York,36,85,14607,1676,130294.0,1643,29,98.0310262529833,1.7303102625298328,0.1,1676
36085014608,Census Tract 146.08; Richmond County; New York,36,85,14608,1266,105625.0,1097,169,86.65086887835703,13.349131121642971,0.7,1266
36085014700,Census Tract 147; Richmond County; New York,36,85,14700,1544,123015.0,1379,102,89.31347150259067,6.60621761658031,0.0,1544
36085015100,Census Tract 151; Richmond County; New York,36,85,15100,1772,115769.0,1726,46,97.40406320541761,2.595936794582393,0.0,1772
36085015400,Census Tract 154; Richmond County; New York,36,85,15400,0,,0,0,,,-666666666.0,0
36085015601,Census Tract 156.01; Richmond County; New York,36,85,15601,2296,112076.0,2145,107,93.42334494773519,4.660278745644599,0.8,2296
36085015602,Census Tract 156.02; Richmond County; New York,36,85,15602,1266,145682.0,1213,44,95.81358609794628,3.4755134281200633,0.0,1266
36085015603,Census Tract 156.03; Richmond County; New York,36,85,15603,1801,102792.0,1772,29,98.38978345363687,1.6102165463631315,0.0,1801
36085016901,Census Tract 169.01; Richmond County; New York,36,85,16901,1047,129583.0,973,59,92.93218720152817,5.635148042024833,0.4,1047
36085017005,Census Tract 170.05; Richmond County; New York,36,85,17005,1828,100965.0,1670,135,91.35667396061268,7.385120350109409,1.7,1828
36085017007,Census Tract 170.07; Richmond County; New York,36,85,17007,1883,107003.0,1696,187,90.06903876792353,9.930961232076474,0.2,1883
36085017009,Census Tract 170.09; Richmond County; New York,36,85,17009,1593,124196.0,1536,57,96.42184557438794,3.5781544256120528,0.2,1593
36085017011,Census Tract 170.11; Richmond County; New York,36,85,17011,1617,128933.0,1527,79,94.43413729128015,4.885590599876314,0.0,1617
36085017012,Census Tract 170.12; Richmond County; New York,36,85,17012,1679,126250.0,1517,89,90.35139964264444,5.300774270399048,0.0,1679
36085017013,Census Tract 170.13; Richmond County; New York,36,85,17013,1398,99914.0,1158,240,82.83261802575107,17.167381974248926,1.9,1398
36085017014,Census Tract 170.14; Richmond County; New York,36,85,17014,1610,112567.0,1496,72,92.9192546583851,4.472049689440994,0.2,1610
36085017015,Census Tract 170.15; Richmond County; New York,36,85,17015,1100,116923.0,1010,61,91.81818181818183,5.545454545454546,1.4,1100
36085017016,Census Tract 170.16; Richmond County; New York,36,85,17016,1546,104313.0,1359,120,87.90426908150066,7.761966364812419,0.4,1546
36085017300,Census Tract 173; Richmond County; New York,36,85,17300,992,55114.0,866,79,87.29838709677419,7.963709677419355,2.2,992
36085017600,Census Tract 176; Richmond County; New York,36,85,17600,1554,111786.0,1458,21,93.82239382239382,1.3513513513513513,0.5,1554
36085017701,Census Tract 177.01; Richmond County; New York,36,85,17701,1454,131719.0,1356,87,93.25997248968363,5.9834938101788175,0.0,1454
36085017702,Census Tract 177.02; Richmond County; New York,36,85,17702,911,118743.0,887,14,97.3655323819978,1.5367727771679474,0.0,911
36085018100,Census Tract 181; Richmond County; New York,36,85,18100,1412,98807.0,1308,32,92.63456090651559,2.26628895184136,2.9,1412
36085018701,Census Tract 187.01; Richmond County; New York,36,85,18701,693,100903.0,679,14,97.97979797979798,2.0202020202020203,0.0,693
36085018703,Census Tract 187.03; Richmond County; New York,36,85,18703,1118,96642.0,847,217,75.76028622540251,19.409660107334524,0.9,1118
36085018704,Census Tract 187.04; Richmond County; New York,36,85,18704,1171,145432.0,1104,67,94.27839453458581,5.721605465414176,0.5,1171
36085018901,Census Tract 189.01; Richmond County; New York,36,85,18901,1697,136370.0,1541,128,90.80730701237478,7.542722451384797,2.8,1697
36085018902,Census Tract 189.02; Richmond County; New York,36,85,18902,1602,101700.0,1504,98,93.88264669163546,6.117353308364544,0.3,1602
36085019700,Census Tract 197; Richmond County; New York,36,85,19700,703,111250.0,666,29,94.73684210526315,4.125177809388336,0.6,703
36085019800,Census Tract 198; Richmond County; New York,36,85,19800,2506,131496.0,2377,82,94.85235434956105,3.2721468475658417,0.0,2506
36085020100,Census Tract 201; Richmond County; New York,36,85,20100,1278,116591.0,1078,142,84.35054773082942,11.11111111111111,1.1,1278
36085020701,Census Tract 207.01; Richmond County; New York,36,85,20701,1031,58495.0,839,87,81.37730358874879,8.438409311348206,13.2,1031
36085020702,Census Tract 207.02; Richmond County; New York,36,85,20702,945,46638.0,885,60,93.65079365079364,6.349206349206349,24.0,945
36085020803,Census Tract 208.03; Richmond County; New York,36,85,20803,2505,108076.0,2227,58,88.90219560878243,2.315369261477046,0.3,2505
36085020804,Census Tract 208.04; Richmond County; New York,36,85,20804,1903,104049.0,1545,234,81.187598528639,12.296374146085128,0.2,1903
36085020805,Census Tract 208.05; Richmond County; New York,36,85,20805,2365,129939.0,2278,54,96.32135306553911,2.2832980972515857,0.0,2365
36085020806,Census Tract 208.06; Richmond County; New York,36,85,20806,874,98683.0,874,0,100.0,0.0,0.0,874
36085021300,Census Tract 213; Richmond County; New York,36,85,21300,1558,103992.0,1476,77,94.73684210526315,4.942233632862644,2.4,1558
36085022300,Census Tract 223; Richmond County; New York,36,85,22300,1065,64964.0,978,80,91.83098591549296,7.511737089201878,6.6,1065
36085022601,Census Tract 226.01; Richmond County; New York,36,85,22601,2558,104385.0,2454,104,95.93432369038311,4.065676309616888,0.2,2558
36085022602,Census Tract 226.02; Richmond County; New York,36,85,22602,717,,717,0,100.0,0.0,0.0,717
36085022801,Census Tract 228.01; Richmond County; New York,36,85,22801,10,,10,0,100.0,0.0,0.0,10
36085022802,Census Tract 228.02; Richmond County; New York,36,85,22802,0,,0,0,,,-666666666.0,0
36085023100,Census Tract 231; Richmond County; New York,36,85,23100,1529,86589.0,1357,87,88.75081752779595,5.689993459777633,3.0,1529
36085023900,Census Tract 239; Richmond County; New York,36,85,23900,1044,66833.0,1032,0,98.85057471264368,0.0,10.6,1044
36085024401,Census Tract 244.01; Richmond County; New York,36,85,24401,1863,176363.0,1834,14,98.44337090713903,0.7514761137949544,0.0,1863
36085024402,Census Tract 244.02; Richmond County; New York,36,85,24402,1784,131042.0,1523,212,85.36995515695067,11.883408071748878,0.0,1784
36085024700,Census Tract 247; Richmond County; New York,36,85,24700,878,79833.0,810,68,92.25512528473804,7.744874715261959,5.5,878
36085024800,Census Tract 248; Richmond County; New York,36,85,24800,1774,131745.0,1714,52,96.61781285231116,2.931228861330327,0.0,1774
36085025100,Census Tract 251; Richmond County; New York,36,85,25100,2070,109494.0,2021,39,97.6328502415459,1.884057971014493,0.1,2070
36085027301,Census Tract 273.01; Richmond County; New York,36,85,27301,1533,116181.0,1356,69,88.45401174168298,4.500978473581213,3.1,1533
36085027302,Census Tract 273.02; Richmond County; New York,36,85,27302,1240,106979.0,1074,133,86.61290322580645,10.725806451612902,0.2,1240
36085027702,Census Tract 277.02; Richmond County; New York,36,85,27702,2862,88295.0,2555,166,89.2732354996506,5.800139762403914,0.5,2862
36085027704,Census Tract 277.04; Richmond County; New York,36,85,27704,1535,82315.0,1395,96,90.87947882736157,6.254071661237785,0.0,1535
36085027705,Census Tract 277.05; Richmond County; New York,36,85,27705,1953,99803.0,1718,111,87.96722990271377,5.683563748079877,0.1,1953
36085027706,Census Tract 277.06; Richmond County; New York,36,85,27706,1128,60781.0,915,174,81.11702127659575,15.425531914893616,0.0,1128
36085027900,Census Tract 279; Richmond County; New York,36,85,27900,643,167934.0,611,13,95.02332814930016,2.021772939346812,1.6,643
36085029102,Census Tract 291.02; Richmond County; New York,36,85,29102,1083,123393.0,1000,83,92.33610341643582,7.663896583564174,0.0,1083
36085029104,Census Tract 291.04; Richmond County; New York,36,85,29104,2293,97412.0,2095,135,91.36502398604448,5.887483645878762,4.8,2293
36085029105,Census Tract 291.05; Richmond County; New York,36,85,29105,1585,118597.0,1484,74,93.62776025236593,4.6687697160883275,0.0,1585
36085029106,Census Tract 291.06; Richmond County; New York,36,85,29106,1002,75347.0,823,102,82.13572854291418,10.179640718562874,0.0,1002
36085030301,Census Tract 303.01; Richmond County; New York,36,85,30301,1914,118913.0,1734,180,90.59561128526646,9.404388714733543,1.4,1914
36085030302,Census Tract 303.02; Richmond County; New York,36,85,30302,2091,89917.0,1851,161,88.52223816355811,7.699665231946437,3.3,2091
36085031901,Census Tract 319.01; Richmond County; New York,36,85,31901,1214,51743.0,1072,124,88.30313014827018,10.214168039538714,3.1,1214
36085031902,Census Tract 319.02; Richmond County; New York,36,85,31902,1571,92083.0,1443,74,91.85232336091661,4.7103755569700825,7.0,1571
36085032300,Census Tract 323; Richmond County; New York,36,85,32300,437,79688.0,394,38,90.16018306636155,8.695652173913043,3.5,437
36085990100,Census Tract 9901; Richmond County; New York,36,85,990100,0,,0,0,,,-666666666.0,0
